City_ID,City,Lat,Lng,Max Temp,Humidity,Cloudiness,Wind Speed,Country,Date
0,Aksaray,38.3726,34.0254,29.79,38,97,0.72,TR,2021-11-15 01:06:38
1,Cap Malheureux,-19.9842,57.6142,76.46,75,93,3.0,MU,2021-11-15 01:06:39
2,Bengkulu,-3.8004,102.2655,77.68,82,94,3.49,ID,2021-11-15 01:05:56
3,Avarua,-21.2078,-159.775,78.85,61,75,4.61,CK,2021-11-15 01:06:39
4,Joshimath,30.5667,79.5667,45.93,20,0,6.29,IN,2021-11-15 01:06:40
5,Albany,42.6001,-73.9662,43.52,70,100,3.0,US,2021-11-15 01:05:29
6,Komsomolskiy,40.4272,71.7189,48.92,53,40,13.8,UZ,2021-11-15 01:06:41
7,Xining,36.6167,101.7667,25.45,47,0,3.24,CN,2021-11-15 01:06:41
8,Kodiak,57.79,-152.4072,31.51,59,1,9.22,US,2021-11-15 01:06:42
9,Hermanus,-34.4187,19.2345,61.9,76,100,3.74,ZA,2021-11-15 01:06:42
10,Paramonga,-10.6667,-77.8333,63.77,83,58,8.66,PE,2021-11-15 01:06:42
11,Qaqortoq,60.7167,-46.0333,10.9,64,0,17.76,GL,2021-11-15 01:06:43
12,Zhanjiang,21.2815,110.3427,71.08,62,100,11.99,CN,2021-11-15 01:06:43
13,Busselton,-33.65,115.3333,70.05,47,97,6.24,AU,2021-11-15 01:06:44
14,Marsh Harbour,26.5412,-77.0636,77.09,72,100,8.79,BS,2021-11-15 01:06:44
15,Cape Town,-33.9258,18.4232,65.08,73,100,8.81,ZA,2021-11-15 01:06:02
16,Golden,39.7555,-105.2211,63.64,33,75,8.01,US,2021-11-15 01:05:34
17,Victoria,22.2855,114.1577,74.21,65,93,1.99,HK,2021-11-15 01:06:45
18,Kapaa,22.0752,-159.319,79.12,70,75,3.0,US,2021-11-15 01:06:46
19,Airai,-8.9266,125.4092,63.52,88,100,1.72,TL,2021-11-15 01:06:46
20,Jamestown,42.097,-79.2353,34.09,99,90,1.99,US,2021-11-15 01:05:28
21,Fukuma,33.7667,130.4667,64.29,54,48,5.66,JP,2021-11-15 01:06:47
22,Barrow,71.2906,-156.7887,8.62,78,40,16.11,US,2021-11-15 01:04:16
23,Contamana,-7.3333,-75.0167,80.55,66,58,3.38,PE,2021-11-15 01:06:48
24,Nikolskoye,59.7035,30.7861,33.87,79,59,5.41,RU,2021-11-15 01:05:59
25,Taoudenni,22.6783,-3.9836,76.08,28,9,6.08,ML,2021-11-15 01:06:48
26,Lorengau,-2.0226,147.2712,83.79,72,96,6.2,PG,2021-11-15 01:06:49
27,Atuona,-9.8,-139.0333,78.6,70,6,13.13,PF,2021-11-15 01:06:49
28,Rikitea,-23.1203,-134.9692,74.44,74,100,16.24,PF,2021-11-15 01:02:07
29,Hilo,19.7297,-155.09,80.33,84,20,10.36,US,2021-11-15 01:06:50
30,Huilong,31.8111,121.655,59.99,44,0,2.75,CN,2021-11-15 01:06:51
31,Joensuu,62.6012,29.7632,25.27,89,20,3.44,FI,2021-11-15 01:06:51
32,Bluff,-46.6,168.3333,56.35,63,86,9.53,NZ,2021-11-15 01:06:52
33,Thompson,55.7435,-97.8558,21.34,87,96,5.59,CA,2021-11-15 01:04:56
34,Naze,28.3667,129.4833,65.88,54,91,13.29,JP,2021-11-15 01:06:52
35,Mariental,-24.6333,17.9667,77.52,18,0,6.58,NA,2021-11-15 01:06:53
36,Pangnirtung,66.1451,-65.7125,-2.22,74,0,6.35,CA,2021-11-15 01:06:53
37,Yemelyanovo,56.1681,92.6767,34.61,80,40,8.95,RU,2021-11-15 01:06:54
38,Narsaq,60.9167,-46.05,10.62,74,0,4.7,GL,2021-11-15 01:06:54
39,Locri,38.2414,16.2623,62.17,77,100,2.77,IT,2021-11-15 01:06:55
40,Port Hedland,-20.3167,118.5667,91.45,9,76,18.41,AU,2021-11-15 01:06:55
41,Baruun-Urt,46.6806,113.2792,23.47,54,12,10.16,MN,2021-11-15 01:06:55
42,Juneau,58.3019,-134.4197,35.22,97,75,0.0,US,2021-11-15 01:06:56
43,Minudasht,37.2289,55.3747,50.43,54,0,3.09,IR,2021-11-15 01:06:56
44,Ushuaia,-54.8,-68.3,39.07,99,100,9.15,AR,2021-11-15 01:05:00
45,Wilmington,34.2257,-77.9447,59.86,77,1,5.75,US,2021-11-15 01:03:43
46,Anito,12.4497,125.2886,81.95,85,85,6.53,PH,2021-11-15 01:06:57
47,Buenos Aires,-34.6132,-58.3772,70.92,57,0,6.44,AR,2021-11-15 01:01:58
48,Antofagasta,-23.65,-70.4,60.03,83,79,4.25,CL,2021-11-15 01:02:26
49,Bubaque,11.2833,-15.8333,83.28,68,60,6.4,GW,2021-11-15 01:07:58
50,Ostersund,63.1792,14.6357,29.61,93,75,11.5,SE,2021-11-15 01:07:59
51,Faanui,-16.4833,-151.75,78.19,77,100,5.97,PF,2021-11-15 01:07:59
52,Arraial Do Cabo,-22.9661,-42.0278,70.74,68,37,16.46,BR,2021-11-15 01:08:00
53,Hobyo,5.3505,48.5268,78.94,75,67,6.76,SO,2021-11-15 01:08:00
54,New Norfolk,-42.7826,147.0587,50.72,63,33,4.0,AU,2021-11-15 01:08:01
55,Butaritari,3.0707,172.7902,82.44,68,10,16.58,KI,2021-11-15 01:05:26
56,Bredasdorp,-34.5322,20.0403,60.24,78,100,0.76,ZA,2021-11-15 01:05:12
57,Bethel,41.3712,-73.414,47.55,69,75,5.75,US,2021-11-15 01:05:11
58,Saldanha,-33.0117,17.9442,63.32,83,100,17.11,ZA,2021-11-15 01:08:02
59,Norman Wells,65.282,-126.8329,7.02,97,96,5.53,CA,2021-11-15 01:08:02
60,Kalga,50.9251,118.898,22.55,75,10,2.48,RU,2021-11-15 01:08:03
61,Sao Filipe,14.8961,-24.4956,75.94,74,73,9.15,CV,2021-11-15 01:05:23
62,Mataura,-46.1927,168.8643,62.98,43,100,4.21,NZ,2021-11-15 01:08:04
63,Gushikawa,26.3544,127.8686,72.99,59,1,13.8,JP,2021-11-15 01:08:04
64,Mar Del Plata,-38.0023,-57.5575,62.1,82,0,1.99,AR,2021-11-15 01:08:04
65,Port Macquarie,-31.4333,152.9167,78.89,27,0,7.81,AU,2021-11-15 01:08:05
66,Yellowknife,62.456,-114.3525,18.41,96,76,5.99,CA,2021-11-15 01:08:05
67,Lurgan,54.4608,-6.3294,54.84,95,100,8.81,GB,2021-11-15 01:08:06
68,Sisimiut,66.9395,-53.6735,17.42,74,100,6.4,GL,2021-11-15 01:08:06
69,Honiara,-9.4333,159.95,85.8,71,100,3.89,SB,2021-11-15 01:08:07
70,Coolum Beach,-26.5333,153.1,84.34,31,0,3.22,AU,2021-11-15 01:06:16
71,Vengerovo,55.6848,76.7471,20.39,96,94,6.82,RU,2021-11-15 01:08:07
72,Vaini,-21.2,-175.2,80.76,78,40,11.5,TO,2021-11-15 01:08:08
73,Vostok,46.4856,135.8833,18.45,70,3,11.9,RU,2021-11-15 01:08:09
74,Merauke,-8.4667,140.3333,85.44,69,100,7.29,ID,2021-11-15 01:08:09
75,Saint-Philippe,-21.3585,55.7679,74.75,79,44,11.27,RE,2021-11-15 01:08:09
76,Fort Nelson,58.8053,-122.7002,11.79,92,90,0.0,CA,2021-11-15 01:04:56
77,Georgetown,5.4112,100.3354,80.89,87,20,3.44,MY,2021-11-15 01:08:10
78,Qui Nhon,13.7667,109.2333,75.6,96,100,9.8,VN,2021-11-15 01:08:11
79,East London,-33.0153,27.9116,63.99,81,100,8.57,ZA,2021-11-15 01:08:11
80,Envira,-7.3,-70.2167,73.71,96,100,3.09,BR,2021-11-15 01:08:12
81,Vao,-22.6667,167.4833,76.55,77,96,10.49,NC,2021-11-15 01:05:51
82,Makaha,21.4694,-158.2175,80.51,73,90,4.61,US,2021-11-15 01:08:12
83,Chuy,-33.6971,-53.4616,63.64,94,27,6.29,UY,2021-11-15 01:05:06
84,Angouleme,45.65,0.15,50.32,91,90,6.91,FR,2021-11-15 01:08:13
85,Abnub,27.2696,31.1511,66.99,51,1,6.87,EG,2021-11-15 01:08:13
86,Tasiilaq,65.6145,-37.6368,33.96,68,74,9.84,GL,2021-11-15 01:08:14
87,Tamiahua,21.2667,-97.45,71.96,79,0,6.67,MX,2021-11-15 01:04:05
88,West Fargo,46.875,-96.9004,24.8,85,75,3.0,US,2021-11-15 01:08:14
89,Upernavik,72.7868,-56.1549,0.07,77,6,6.85,GL,2021-11-15 01:08:15
90,Oranjemund,-28.55,16.4333,61.05,86,77,7.11,NA,2021-11-15 01:05:49
91,Poum,-20.2333,164.0167,80.76,78,11,16.84,NC,2021-11-15 01:08:16
92,Ostrovnoy,68.0531,39.5131,20.5,90,97,20.47,RU,2021-11-15 01:08:16
93,Oni,42.5794,43.4425,44.76,63,100,4.85,GE,2021-11-15 01:08:17
94,Eenhana,-17.4667,16.3333,71.6,64,100,9.08,NA,2021-11-15 01:08:17
95,Buala,-8.145,159.5921,85.03,72,58,6.11,SB,2021-11-15 01:08:17
96,Cayenne,4.9333,-52.3333,81.09,83,40,3.0,GF,2021-11-15 01:09:18
97,Marienburg,54.0359,19.0266,42.46,95,0,6.62,PL,2021-11-15 01:09:18
98,Lebu,-37.6167,-73.65,52.23,89,4,5.86,CL,2021-11-15 01:09:19
99,Ilulissat,69.2167,-51.1,10.42,79,90,11.5,GL,2021-11-15 01:06:51
100,Rojhan,28.6868,69.9534,64.76,15,0,7.56,PK,2021-11-15 01:09:20
101,Asau,46.4333,26.4,40.95,76,84,2.06,RO,2021-11-15 01:09:20
102,Kavieng,-2.5744,150.7967,85.05,69,94,11.48,PG,2021-11-15 01:09:20
103,Pevek,69.7008,170.3133,18.16,90,100,3.4,RU,2021-11-15 01:09:21
104,Caravelas,-17.7125,-39.2481,72.57,67,100,9.73,BR,2021-11-15 01:09:21
105,Hobart,-42.8794,147.3294,51.06,65,40,8.01,AU,2021-11-15 01:08:17
106,Namibe,-15.1961,12.1522,71.44,82,100,4.5,AO,2021-11-15 01:09:22
107,Plettenberg Bay,-34.0527,23.3716,63.61,68,100,2.35,ZA,2021-11-15 01:09:22
108,Laguna,38.421,-121.4238,66.7,91,90,1.01,US,2021-11-15 01:09:23
109,Portland,45.5234,-122.6762,64.42,84,90,3.0,US,2021-11-15 01:09:24
110,Ribeira Grande,38.5167,-28.7,66.81,80,65,19.75,PT,2021-11-15 01:09:24
111,Kruisfontein,-34.0033,24.7314,59.92,79,100,3.29,ZA,2021-11-15 01:09:25
112,Yeppoon,-23.1333,150.7333,83.98,50,0,7.83,AU,2021-11-15 01:09:25
113,Luderitz,-26.6481,15.1594,67.86,52,0,15.32,NA,2021-11-15 01:06:09
114,Chokurdakh,70.6333,147.9167,0.48,98,99,2.26,RU,2021-11-15 01:09:26
115,Punta Arenas,-53.15,-70.9167,41.11,60,75,26.46,CL,2021-11-15 01:09:27
116,Ossora,59.2353,163.0719,32.79,95,100,8.32,RU,2021-11-15 01:09:27
117,Puerto Ayora,-0.7393,-90.3518,67.41,82,29,9.55,EC,2021-11-15 01:09:27
118,Port Elizabeth,-33.918,25.5701,59.09,86,100,4.07,ZA,2021-11-15 01:05:29
119,La Ronge,55.1001,-105.2842,31.59,86,100,3.71,CA,2021-11-15 01:09:28
120,Saint George,37.1041,-113.5841,71.35,34,1,1.01,US,2021-11-15 01:09:04
121,Meulaboh,4.1363,96.1285,77.99,85,100,2.86,ID,2021-11-15 01:09:29
122,San Patricio,28.017,-97.5169,73.29,66,0,12.03,US,2021-11-15 01:09:29
123,San Francisco De Ojuera,14.7499,-88.1918,68.85,98,16,2.46,HN,2021-11-15 01:09:30
124,Padang,-0.9492,100.3543,77.05,74,100,1.5,ID,2021-11-15 01:09:30
125,Yaan,7.3833,8.5667,75.6,82,67,6.53,NG,2021-11-15 01:09:31
126,Astoria,46.1879,-123.8313,60.03,96,90,13.0,US,2021-11-15 01:09:32
127,Guerrero Negro,27.9769,-114.0611,72.97,43,0,8.21,MX,2021-11-15 01:05:43
128,Klaksvik,62.2266,-6.589,47.32,77,100,20.74,FO,2021-11-15 01:09:32
129,Homer,59.6425,-151.5483,24.67,65,1,6.91,US,2021-11-15 01:09:33
130,Mount Gambier,-37.8333,140.7667,53.02,56,94,11.32,AU,2021-11-15 01:09:33
131,Pishva,35.308,51.7267,47.41,51,14,4.45,IR,2021-11-15 01:09:34
132,Aklavik,68.2191,-135.0107,8.19,97,100,3.0,CA,2021-11-15 01:09:34
133,Fortuna,40.5982,-124.1573,61.41,74,1,6.91,US,2021-11-15 01:06:38
134,Port Alfred,-33.5906,26.891,63.43,84,100,7.18,ZA,2021-11-15 01:09:35
135,Rawson,-43.3002,-65.1023,58.66,46,100,7.94,AR,2021-11-15 01:09:36
136,Yurla,59.3259,54.3223,19.98,83,100,6.44,RU,2021-11-15 01:09:36
137,Ancud,-41.8697,-73.8203,44.42,86,100,16.78,CL,2021-11-15 01:10:37
138,Payakumbuh,-0.2202,100.6308,73.96,73,100,2.17,ID,2021-11-15 01:10:37
139,Provideniya,64.3833,-173.3,26.71,74,75,13.42,RU,2021-11-15 01:10:38
140,Mahebourg,-20.4081,57.7,76.24,70,62,11.81,MU,2021-11-15 01:10:38
141,Ahipara,-35.1667,173.1667,68.04,73,0,13.62,NZ,2021-11-15 01:10:39
142,Thinadhoo,0.5333,72.9333,81.93,74,95,13.62,MV,2021-11-15 01:10:39
143,Moindou,-21.6924,165.677,85.95,63,67,8.14,NC,2021-11-15 01:10:40
144,Nalut,30.3333,10.85,57.61,38,0,3.4,LY,2021-11-15 01:10:40
145,Havoysund,70.9963,24.6622,29.28,71,100,19.17,NO,2021-11-15 01:10:41
146,Nuuk,64.1835,-51.7216,14.61,67,75,11.5,GL,2021-11-15 01:10:41
147,Necochea,-38.5473,-58.7368,55.04,72,0,8.16,AR,2021-11-15 01:10:41
148,Tazovskiy,67.4667,78.7,6.01,90,100,13.49,RU,2021-11-15 01:10:42
149,High Prairie,55.4334,-116.4858,30.47,98,100,6.55,CA,2021-11-15 01:08:42
150,Hasaki,35.7333,140.8333,63.28,56,20,11.18,JP,2021-11-15 01:05:50
151,Cherskiy,68.75,161.3,10.36,92,100,1.86,RU,2021-11-15 01:10:43
152,Grand Gaube,-20.0064,57.6608,76.37,75,93,3.0,MU,2021-11-15 01:10:43
153,Egvekinot,66.3167,-179.1667,11.12,91,99,6.8,RU,2021-11-15 01:10:44
154,Khrebtovaya,56.7032,104.2494,23.14,93,100,5.75,RU,2021-11-15 01:10:44
155,Auki,-8.7676,160.7034,88.09,59,100,1.3,SB,2021-11-15 01:10:45
156,Progreso,21.2833,-89.6667,75.11,68,13,13.65,MX,2021-11-15 01:10:45
157,Pacific Grove,36.6177,-121.9166,71.28,63,1,1.01,US,2021-11-15 01:10:46
158,Alihe,50.5667,123.7167,22.84,53,100,2.15,CN,2021-11-15 01:10:47
159,Berezanka,46.8526,31.388,39.31,74,84,7.36,UA,2021-11-15 01:10:47
160,Drayton Valley,53.2168,-114.9854,30.7,89,100,4.34,CA,2021-11-15 01:10:48
161,Saint-Augustin,51.226,-58.6502,33.84,77,100,17.87,CA,2021-11-15 01:10:48
162,Rio Grande,-32.035,-52.0986,70.95,91,100,3.44,BR,2021-11-15 01:10:49
163,Awbari,26.5921,12.7805,61.77,58,43,8.32,LY,2021-11-15 01:10:49
164,Cabo San Lucas,22.8909,-109.9124,84.51,36,1,0.0,MX,2021-11-15 01:08:44
165,Limbang,4.75,115.0,78.91,88,100,2.24,MY,2021-11-15 01:10:50
166,Waipawa,-41.4122,175.5153,61.43,53,0,23.62,NZ,2021-11-15 01:10:51
167,Ponta Do Sol,32.6667,-17.1,66.83,63,14,3.83,PT,2021-11-15 01:10:51
168,Hauge,58.3436,6.2812,43.97,86,100,13.69,NO,2021-11-15 01:10:52
169,Luba,3.4568,8.5547,78.49,84,72,1.39,GQ,2021-11-15 01:10:52
170,Kaitangata,-46.2817,169.8464,57.92,72,73,9.15,NZ,2021-11-15 01:10:53
171,Kununurra,-15.7667,128.7333,93.18,18,45,5.75,AU,2021-11-15 01:10:53
172,Fraserburgh,57.6874,-2.0184,52.12,88,100,14.54,GB,2021-11-15 01:10:53
173,Esperance,-33.8667,121.9,66.92,49,89,17.67,AU,2021-11-15 01:10:43
174,Castro,-24.7911,-50.0119,56.66,98,100,7.54,BR,2021-11-15 01:10:54
175,Poli,-3.3333,36.8,61.41,91,100,4.76,TZ,2021-11-15 01:10:55
176,Bereda,43.2686,-7.5406,51.91,93,56,4.7,ES,2021-11-15 01:10:55
177,Karlskrona,56.1616,15.5866,43.25,81,93,10.02,SE,2021-11-15 01:10:56
178,Souillac,-20.5167,57.5167,76.35,74,19,10.04,MU,2021-11-15 01:10:56
179,Vila Velha,-20.3297,-40.2925,65.95,88,40,3.44,BR,2021-11-15 01:10:57
180,San Blas,21.5167,-105.2667,84.09,80,63,2.68,MX,2021-11-15 01:10:57
181,Dikson,73.5069,80.5464,-11.24,100,100,7.0,RU,2021-11-15 01:10:57
182,Tecoanapa,16.5167,-98.75,77.86,71,5,3.98,MX,2021-11-15 01:10:58
183,Mayo,38.8876,-76.5119,49.55,69,90,1.99,US,2021-11-15 01:11:58
184,Iqaluit,63.7506,-68.5145,9.7,84,89,8.01,CA,2021-11-15 01:09:03
185,Hithadhoo,-0.6,73.0833,82.38,70,100,11.21,MV,2021-11-15 01:11:59
186,Chicama,-7.8447,-79.1469,61.34,80,17,7.65,PE,2021-11-15 01:11:59
187,Samarai,-10.6167,150.6667,83.62,77,100,11.83,PG,2021-11-15 01:12:00
188,Sao Jose Da Coroa Grande,-8.8978,-35.1478,78.71,79,4,9.8,BR,2021-11-15 01:12:00
189,Vila Franca Do Campo,37.7167,-25.4333,67.19,89,54,21.65,PT,2021-11-15 01:12:01
190,Beinamar,8.6698,15.3813,77.49,36,53,2.98,TD,2021-11-15 01:12:01
191,Yerbogachen,61.2767,108.0108,10.09,98,100,3.24,RU,2021-11-15 01:12:02
192,Banjar,-8.19,114.9675,84.06,74,100,2.28,ID,2021-11-15 01:12:02
193,Leningradskiy,69.3833,178.4167,13.19,95,100,8.66,RU,2021-11-15 01:12:03
194,Qaanaaq,77.484,-69.3632,-10.91,58,7,9.8,GL,2021-11-15 01:12:03
195,Longyearbyen,78.2186,15.6401,13.84,57,20,3.44,SJ,2021-11-15 01:12:03
196,Santona,43.4439,-3.4576,56.07,83,41,6.2,ES,2021-11-15 01:12:04
197,Faya,18.3851,42.4509,54.12,72,1,2.33,SA,2021-11-15 01:12:04
198,Kolokani,13.5728,-8.0339,73.99,29,35,8.77,ML,2021-11-15 01:12:05
199,Brooks,50.5834,-111.8851,40.03,84,100,8.55,CA,2021-11-15 01:12:05
200,Pampierstad,-27.7832,24.6877,70.32,25,1,5.86,ZA,2021-11-15 01:12:06
201,Tiksi,71.6872,128.8694,-14.28,98,42,7.02,RU,2021-11-15 01:12:06
202,Trelew,-43.249,-65.3051,59.5,35,100,8.63,AR,2021-11-15 01:10:43
203,Dingle,10.9995,122.6711,82.49,81,100,8.86,PH,2021-11-15 01:12:07
204,Zaozerne,45.1582,33.2787,47.95,84,100,12.46,UA,2021-11-15 01:12:07
205,Cidreira,-30.1811,-50.2056,68.5,85,100,20.02,BR,2021-11-15 01:12:08
206,Eyl,7.9803,49.8164,74.95,77,71,8.14,SO,2021-11-15 01:12:08
207,Korla,41.7597,86.1469,30.51,49,73,4.29,CN,2021-11-15 01:12:08
208,Ranipur,27.2879,68.5051,66.88,16,0,8.81,PK,2021-11-15 01:12:09
209,Bathsheba,13.2167,-59.5167,81.21,74,75,19.57,BB,2021-11-15 01:12:09
210,Beira,-19.8436,34.8389,76.14,94,54,3.06,MZ,2021-11-15 01:12:10
211,Carutapera,-1.195,-46.02,77.77,86,100,6.17,BR,2021-11-15 01:12:10
212,Codrington,-38.2667,141.9667,53.08,55,88,18.61,AU,2021-11-15 01:12:11
213,Touros,-5.1989,-35.4608,79.7,78,12,13.42,BR,2021-11-15 01:12:11
214,Ponta Delgada,37.7333,-25.6667,67.5,82,20,13.8,PT,2021-11-15 01:12:12
215,Benguela,-12.5763,13.4055,77.79,81,100,5.5,AO,2021-11-15 01:12:12
216,Oussouye,12.485,-16.5469,77.68,72,78,3.13,SN,2021-11-15 01:12:13
217,Dali,25.7,100.1833,52.83,82,1,3.42,CN,2021-11-15 01:12:13
218,Skibbereen,51.55,-9.2667,55.2,98,100,7.0,IE,2021-11-15 01:12:14
219,Santa Barbara,34.7333,-120.0343,73.24,32,1,4.61,US,2021-11-15 01:07:17
220,Saguing,6.9803,125.0781,80.08,85,93,1.83,PH,2021-11-15 01:12:15
221,Diu,20.7141,70.9822,72.09,42,100,11.54,IN,2021-11-15 01:12:15
222,Gamboula,4.1178,15.1393,68.22,97,87,1.43,CF,2021-11-15 01:12:16
223,Labuhan,-6.8844,112.2051,77.61,86,100,3.53,ID,2021-11-15 01:12:16
224,Severo-Kurilsk,50.6789,156.125,43.29,93,100,19.62,RU,2021-11-15 01:08:58
225,Quelimane,-17.8786,36.8883,77.77,90,85,6.64,MZ,2021-11-15 01:12:17
226,Carnarvon,-24.8667,113.6333,73.81,57,0,9.44,AU,2021-11-15 01:12:17
227,Tarko-Sale,64.9225,77.785,-12.23,100,74,6.53,RU,2021-11-15 01:13:18
228,Axim,4.8699,-2.2405,78.91,86,46,6.93,GH,2021-11-15 01:13:18
229,Jurilovca,44.7667,28.8667,50.63,84,100,10.78,RO,2021-11-15 01:13:19
230,Pericos,25.05,-107.7,82.31,55,0,3.11,MX,2021-11-15 01:13:19
231,Tiarei,-17.5333,-149.3333,84.0,73,100,1.77,PF,2021-11-15 01:13:20
232,Lodja,-3.4833,23.4333,65.82,97,78,0.85,CD,2021-11-15 01:13:20
233,Nanortalik,60.1432,-45.2371,18.77,64,0,35.81,GL,2021-11-15 01:13:20
234,Feijo,-8.1642,-70.3536,76.68,81,100,2.82,BR,2021-11-15 01:13:21
235,Redlands,34.0556,-117.1825,82.62,24,0,1.01,US,2021-11-15 01:13:22
236,Juazeiro,-9.4117,-40.4986,80.26,56,36,20.07,BR,2021-11-15 01:13:22
237,Waw,7.7029,27.9953,81.32,52,96,2.53,SS,2021-11-15 01:13:23
238,Shenkursk,62.1091,42.896,23.22,88,22,7.58,RU,2021-11-15 01:13:23
239,Mareeba,-17.0,145.4333,84.43,72,100,8.43,AU,2021-11-15 01:13:23
240,College,64.8569,-147.8028,-0.74,78,75,0.0,US,2021-11-15 01:13:24
241,Wadi Maliz,36.4681,8.5495,56.79,84,100,1.66,TN,2021-11-15 01:13:24
242,Los Llanos De Aridane,28.6585,-17.9182,64.15,73,40,5.01,ES,2021-11-15 01:13:25
243,Csanadpalota,46.25,20.7333,33.98,70,100,6.13,HU,2021-11-15 01:13:25
244,Ano Mera,37.45,25.4,60.87,72,98,12.01,GR,2021-11-15 01:13:26
245,Kusti,13.1629,32.6635,77.05,15,2,9.73,SD,2021-11-15 01:09:08
246,Havelock,34.8791,-76.9013,61.95,85,1,6.73,US,2021-11-15 01:13:28
247,Hamada,34.8833,132.0833,63.0,65,76,6.26,JP,2021-11-15 01:13:28
248,Brae,60.3964,-1.353,49.91,96,100,14.63,GB,2021-11-15 01:13:29
249,Khovu-Aksy,51.1333,93.6,20.12,81,100,5.73,RU,2021-11-15 01:13:29
250,Conde,-7.2597,-34.9075,78.26,83,20,5.75,BR,2021-11-15 01:13:30
251,Santo Tomas,14.1079,121.1414,87.57,70,86,7.99,PH,2021-11-15 01:13:30
252,Dandong,40.1292,124.3947,41.36,61,3,7.36,CN,2021-11-15 01:13:31
253,Makarov,48.6333,142.8,35.01,61,67,7.83,RU,2021-11-15 01:13:31
254,Warrnambool,-38.3833,142.4833,51.22,62,100,18.59,AU,2021-11-15 01:13:31
255,Innisfail,-17.5333,146.0333,85.87,73,80,8.55,AU,2021-11-15 01:13:32
256,Ixtapa,20.7,-105.2,81.63,69,1,4.61,MX,2021-11-15 01:13:33
257,Pisco,-13.7,-76.2167,64.45,82,0,12.66,PE,2021-11-15 01:13:33
258,Nishihara,26.1842,127.7558,73.06,64,40,12.66,JP,2021-11-15 01:13:33
259,Harper,4.375,-7.7169,77.99,86,16,6.11,LR,2021-11-15 01:13:34
260,Ust-Ilimsk,58.0006,102.6619,26.67,96,100,6.64,RU,2021-11-15 01:13:34
261,Sao Joao Da Barra,-21.6403,-41.0511,69.39,70,50,7.99,BR,2021-11-15 01:13:35
262,Panzhihua,26.5851,101.7128,60.62,85,10,1.03,CN,2021-11-15 01:13:35
263,Tura,25.5198,90.2201,60.26,84,0,3.6,IN,2021-11-15 01:13:36
264,Kalmunai,7.4167,81.8167,78.12,84,23,2.89,LK,2021-11-15 01:13:36
265,Ouadda,8.0777,22.4007,74.25,67,57,2.28,CF,2021-11-15 01:13:36
266,Palmer,42.1584,-72.3287,44.42,68,90,5.75,US,2021-11-15 01:13:37
267,Matara,5.9485,80.5353,77.72,89,37,9.95,LK,2021-11-15 01:13:37
268,Nogliki,51.8333,143.1667,26.2,61,70,12.35,RU,2021-11-15 01:13:38
269,Iracoubo,5.4802,-53.2011,79.65,81,94,9.91,GF,2021-11-15 01:13:38
270,Altamira,-3.2033,-52.2064,75.88,91,100,1.88,BR,2021-11-15 01:13:39
271,Sokoto,13.0609,5.239,79.77,16,100,5.93,NG,2021-11-15 01:13:39
272,Lavrentiya,65.5833,-171.0,13.68,93,90,6.08,RU,2021-11-15 01:14:40
273,Broken Hill,-31.95,141.4333,61.47,38,0,15.19,AU,2021-11-15 01:14:40
274,Katsuura,35.1333,140.3,62.71,64,7,7.76,JP,2021-11-15 01:14:40
275,Shahr-E Kord,32.3256,50.8644,41.95,48,100,2.39,IR,2021-11-15 01:14:41
276,Rocha,-34.4833,-54.3333,56.12,84,0,1.81,UY,2021-11-15 01:14:41
277,Olafsvik,64.8945,-23.7142,39.18,69,100,36.71,IS,2021-11-15 01:14:42
278,Alyangula,-13.8483,136.4192,87.06,41,100,16.64,AU,2021-11-15 01:14:42
279,Banamba,13.55,-7.45,74.52,28,29,7.92,ML,2021-11-15 01:14:43
280,Strezhevoy,60.7333,77.5889,-9.42,99,80,4.72,RU,2021-11-15 01:14:43
281,Dire Dawa,9.5931,41.8661,66.4,45,6,5.44,ET,2021-11-15 01:14:44
282,Emerald,-23.5333,148.1667,82.35,22,0,7.99,AU,2021-11-15 01:14:14
283,Hay River,60.8156,-115.7999,15.44,90,98,6.91,CA,2021-11-15 01:14:44
284,Namatanai,-3.6667,152.4333,84.58,71,97,7.27,PG,2021-11-15 01:14:45
285,Meadow Lake,34.8014,-106.5436,61.68,34,93,2.75,US,2021-11-15 01:14:45
286,Anadyr,64.75,177.4833,30.7,93,90,15.66,RU,2021-11-15 01:14:46
287,Nelson Bay,-32.7167,152.15,72.28,40,0,4.0,AU,2021-11-15 01:14:46
288,Te Anau,-45.4167,167.7167,58.53,55,100,7.67,NZ,2021-11-15 01:14:46
289,Tuktoyaktuk,69.4541,-133.0374,12.74,95,100,7.67,CA,2021-11-15 01:14:47
290,Opuwo,-18.0607,13.84,74.39,51,100,5.26,NA,2021-11-15 01:14:48
291,Sumenep,-7.0167,113.8667,79.88,81,100,3.04,ID,2021-11-15 01:14:50
292,Ushtobe,45.2514,77.9838,40.37,76,100,21.12,KZ,2021-11-15 01:14:50
293,Itarema,-2.9248,-39.9167,80.38,81,73,11.74,BR,2021-11-15 01:14:51
294,Novo Aripuana,-5.1206,-60.3797,76.62,91,100,1.83,BR,2021-11-15 01:14:51
295,Saskylakh,71.9167,114.0833,-5.37,91,100,7.0,RU,2021-11-15 01:14:52
296,Russell,32.3502,-85.1999,52.83,75,1,3.44,US,2021-11-15 01:14:52
297,Kawalu,-7.3817,108.2082,76.98,85,100,1.83,ID,2021-11-15 01:14:53
298,Pafos,34.7667,32.4167,66.11,45,100,6.91,CY,2021-11-15 01:14:53
299,Jacareacanga,-6.2222,-57.7528,79.23,78,100,2.35,BR,2021-11-15 01:14:54
300,Kysyl-Syr,63.8986,122.7617,-8.86,99,91,4.0,RU,2021-11-15 01:14:54
301,Tigil,57.8,158.6667,27.21,86,74,9.08,RU,2021-11-15 01:14:55
302,Tulle,45.3333,1.8333,43.99,91,76,4.72,FR,2021-11-15 01:14:55
303,Aswan,24.0934,32.907,73.85,47,0,8.9,EG,2021-11-15 01:14:55
304,Arrifes,37.7667,-25.7,65.23,82,20,13.8,PT,2021-11-15 01:14:56
305,Birao,10.2849,22.7882,74.41,26,0,4.74,CF,2021-11-15 01:14:56
306,Lagoa,39.05,-27.9833,66.87,85,98,25.81,PT,2021-11-15 01:14:57
307,Acapulco,16.8634,-99.8901,80.42,74,1,4.61,MX,2021-11-15 01:10:07
308,Bosaso,11.2842,49.1816,74.95,73,13,0.58,SO,2021-11-15 01:14:58
309,Marystown,47.1666,-55.1483,48.85,100,95,7.0,CA,2021-11-15 01:14:58
310,Deputatskiy,69.3,139.9,-16.29,97,100,4.14,RU,2021-11-15 01:14:59
311,Hambantota,6.1241,81.1185,79.32,81,14,15.23,LK,2021-11-15 01:14:59
312,Ginir,7.1333,40.7,54.43,76,18,4.92,ET,2021-11-15 01:15:00
313,Ranong,9.9658,98.6348,78.01,90,100,4.83,TH,2021-11-15 01:15:00
314,Pailon,-17.65,-62.75,78.53,75,100,3.89,BO,2021-11-15 01:11:11
315,Kloulklubed,7.0419,134.2556,84.7,74,26,7.83,PW,2021-11-15 01:15:01
316,Puma,-5.0,34.7333,64.11,72,80,10.94,TZ,2021-11-15 01:16:02
317,Kungurtug,50.5994,97.5228,14.76,85,100,2.08,RU,2021-11-15 01:16:02
318,Khatanga,71.9667,102.5,-0.96,98,100,3.65,RU,2021-11-15 01:16:03
319,Nome,64.5011,-165.4064,19.47,86,90,0.0,US,2021-11-15 01:16:03
320,Aras,42.5617,-2.356,45.32,76,40,8.05,ES,2021-11-15 01:16:03
321,Sorland,67.667,12.6934,44.96,88,100,46.51,NO,2021-11-15 01:16:04
322,Taltal,-25.4,-70.4833,60.78,80,34,2.89,CL,2021-11-15 01:16:04
323,Rio Gallegos,-51.6226,-69.2181,42.85,42,0,25.32,AR,2021-11-15 01:16:05
324,Corn Island,12.1694,-83.0418,82.4,77,66,16.49,NI,2021-11-15 01:16:05
325,Sonoita,31.85,-112.8333,79.54,13,0,5.39,MX,2021-11-15 01:16:06
326,Katangli,51.7102,143.2326,26.17,63,64,11.21,RU,2021-11-15 01:16:06
327,Bima,-8.4667,118.7167,83.19,75,99,1.83,ID,2021-11-15 01:16:07
328,Bongor,10.2806,15.3722,80.82,27,15,6.2,TD,2021-11-15 01:16:07
329,Springbok,-29.6643,17.8865,69.01,36,61,4.23,ZA,2021-11-15 01:16:08
330,Vanavara,60.34,102.2797,15.37,98,97,3.89,RU,2021-11-15 01:16:08
331,Valparaiso,-33.0393,-71.6273,56.84,54,0,6.91,CL,2021-11-15 01:13:47
332,Sembe,1.6481,14.5806,68.49,97,82,2.15,CG,2021-11-15 01:11:18
333,Gornozavodsk,58.3758,58.3211,3.85,99,100,1.19,RU,2021-11-15 01:16:09
334,Salalah,17.0151,54.0924,71.69,56,0,3.44,OM,2021-11-15 01:16:09
335,Hamburg,53.55,10.0,46.06,85,90,12.66,DE,2021-11-15 01:15:30
336,Meiganga,6.5167,14.3,69.3,83,96,1.05,CM,2021-11-15 01:16:10
337,Puerto Madero,14.7208,-92.4215,77.2,100,1,3.44,MX,2021-11-15 01:16:10
338,Mount Isa,-20.7333,139.5,80.37,19,0,14.97,AU,2021-11-15 01:16:11
339,San Quintin,30.4833,-115.95,68.61,51,0,7.78,MX,2021-11-15 01:16:11
340,Neuquen,-38.9516,-68.0591,66.09,42,0,2.3,AR,2021-11-15 01:12:02
341,Ola,59.5833,151.2833,32.14,92,100,6.4,RU,2021-11-15 01:16:12
342,Sete,43.4018,3.6966,51.66,63,100,11.52,FR,2021-11-15 01:16:12
343,Lezajsk,50.2626,22.4193,39.65,95,54,1.01,PL,2021-11-15 01:16:13
344,Inuvik,68.3499,-133.7218,7.66,85,75,2.3,CA,2021-11-15 01:16:13
345,Camacha,33.0833,-16.3333,63.82,72,40,8.05,PT,2021-11-15 01:16:14
346,Channel-Port Aux Basques,47.5702,-59.1367,44.15,83,100,34.56,CA,2021-11-15 01:16:14
347,Amga,60.8953,131.9608,-10.64,97,70,1.43,RU,2021-11-15 01:16:15
348,Muros,42.7762,-9.0603,54.09,82,2,11.99,ES,2021-11-15 01:16:15
349,Arvika,59.6553,12.5852,38.01,85,100,5.99,SE,2021-11-15 01:16:16
350,Katobu,-4.9408,122.5276,81.55,81,100,2.93,ID,2021-11-15 01:16:16
351,Maningrida,-12.0667,134.2667,90.14,29,100,13.58,AU,2021-11-15 01:16:16
352,Muscatine,41.4667,-91.1335,35.19,55,90,1.01,US,2021-11-15 01:16:17
353,Bambous Virieux,-20.3428,57.7575,76.21,78,20,10.36,MU,2021-11-15 01:16:17
354,Tuatapere,-46.1333,167.6833,62.37,47,100,3.36,NZ,2021-11-15 01:16:18
355,Teguldet,57.3064,88.1667,26.38,95,100,8.19,RU,2021-11-15 01:16:18
356,Sao Gabriel Da Cachoeira,-0.1303,-67.0892,75.97,87,100,1.54,BR,2021-11-15 01:16:19
357,Mandawar,29.5,78.1333,57.43,69,0,1.43,IN,2021-11-15 01:16:19
358,Hamilton,39.1834,-84.5333,36.88,82,90,3.0,US,2021-11-15 01:15:54
359,Kangaatsiaq,68.3065,-53.4641,14.38,87,100,5.77,GL,2021-11-15 01:16:20
360,Alcantara,-2.4089,-44.4147,82.6,85,100,7.49,BR,2021-11-15 01:16:20
361,Westport,41.1415,-73.3579,50.0,67,90,11.99,US,2021-11-15 01:11:30
362,San Ramon,37.7799,-121.978,68.18,78,1,9.22,US,2021-11-15 01:11:35
363,Lata,40.1629,-8.3327,52.81,62,0,3.24,PT,2021-11-15 01:16:21
364,Mankato,44.1636,-93.9994,29.68,85,90,5.75,US,2021-11-15 01:16:22
365,Viru,-8.4167,-78.75,61.9,77,59,4.18,PE,2021-11-15 01:17:22
366,Guangyuan,32.442,105.823,47.68,74,99,3.85,CN,2021-11-15 01:17:23
367,Vagay,57.9375,69.0217,11.01,88,8,5.39,RU,2021-11-15 01:17:23
368,Vestmanna,62.1564,-7.1664,45.52,81,75,13.8,FO,2021-11-15 01:17:23
369,Tuy Hoa,13.0833,109.3,75.78,96,100,6.73,VN,2021-11-15 01:17:24
370,Dakar,14.6937,-17.4441,77.88,76,61,12.37,SN,2021-11-15 01:17:24
371,Upington,-28.4478,21.2561,66.58,45,0,1.14,ZA,2021-11-15 01:17:25
372,Lewisporte,49.2499,-55.0482,46.11,93,96,7.23,CA,2021-11-15 01:16:14
373,Skjervoy,70.0311,20.9714,34.0,65,100,17.0,NO,2021-11-15 01:17:25
374,Bismarck,46.8083,-100.7837,41.86,83,90,6.91,US,2021-11-15 01:17:26
375,Hohhot,40.8106,111.6522,25.09,68,0,4.47,CN,2021-11-15 01:17:27
376,Tomatlan,19.9333,-105.25,74.57,81,10,0.36,MX,2021-11-15 01:17:27
377,Kautokeino,69.0125,23.0412,21.29,83,100,24.72,NO,2021-11-15 01:17:27
378,Shache,38.4167,77.2406,31.87,43,0,0.78,CN,2021-11-15 01:17:28
379,Gravdal,68.1214,13.5031,43.21,93,100,40.44,NO,2021-11-15 01:17:29
380,Ayan,56.45,138.1667,12.63,65,100,19.17,RU,2021-11-15 01:17:29
381,Alfredo Baquerizo Moreno,-1.9167,-79.5167,75.18,60,88,7.63,EC,2021-11-15 01:17:29
382,Mandali,33.7499,45.5541,65.28,31,100,8.3,IQ,2021-11-15 01:17:30
383,Aripuana,-9.1667,-60.6333,74.88,91,30,1.92,BR,2021-11-15 01:17:30
384,Kovdor,67.5662,30.4758,13.86,96,100,4.43,RU,2021-11-15 01:17:31
385,Laerdalsoyri,61.098,7.4816,32.94,78,100,6.76,NO,2021-11-15 01:17:32
386,Novyy Urengoy,66.0833,76.6333,-0.11,95,24,10.22,RU,2021-11-15 01:17:33
387,Mahuva,21.0914,71.7622,72.19,41,83,11.39,IN,2021-11-15 01:17:33
388,Cutro,39.0353,16.9819,56.46,73,100,1.63,IT,2021-11-15 01:17:34
389,Mehamn,71.0357,27.8492,24.51,72,100,12.21,NO,2021-11-15 01:17:34
390,Tautira,-17.7333,-149.15,82.42,75,100,2.3,PF,2021-11-15 01:17:35
391,Sitka,57.0531,-135.33,40.89,60,90,6.91,US,2021-11-15 01:17:35
392,Pimenta Bueno,-11.6725,-61.1936,75.25,96,99,3.02,BR,2021-11-15 01:17:36
393,Sao Felix Do Xingu,-6.6447,-51.995,73.18,97,99,0.34,BR,2021-11-15 01:17:36
394,Cockburn Town,21.4612,-71.1419,82.35,75,100,14.41,TC,2021-11-15 01:17:37
395,Winnemucca,40.973,-117.7357,57.25,47,1,6.91,US,2021-11-15 01:17:37
396,Adrar,20.5022,-10.0711,74.23,34,4,9.44,MR,2021-11-15 01:17:37
397,Makakilo City,21.3469,-158.0858,79.12,68,75,3.44,US,2021-11-15 01:13:46
398,Khandyga,62.6667,135.6,-14.75,98,76,0.63,RU,2021-11-15 01:17:38
399,Umm Lajj,25.0213,37.2685,76.75,67,4,8.25,SA,2021-11-15 01:17:38
400,Gohand,25.7,79.55,61.74,50,1,1.79,IN,2021-11-15 01:17:39
401,Boueni,-12.9025,45.0761,78.78,76,4,8.52,YT,2021-11-15 01:17:39
402,Kiama,-34.6833,150.8667,65.37,46,34,19.51,AU,2021-11-15 01:17:40
403,Maraba,-5.3686,-49.1178,74.37,94,100,2.28,BR,2021-11-15 01:17:40
404,Kasempa,-13.4584,25.8338,62.24,97,100,1.74,ZM,2021-11-15 01:17:41
405,Huanren,41.2647,125.3667,36.81,68,6,2.57,CN,2021-11-15 01:17:41
406,Wattegama,6.7989,81.4808,74.03,88,69,1.66,LK,2021-11-15 01:17:42
407,Beloha,-25.1667,45.05,68.27,89,26,5.35,MG,2021-11-15 01:17:42
408,Kamaishi,39.2667,141.8833,47.35,73,97,8.1,JP,2021-11-15 01:17:43
409,Jiexiu,37.0244,111.9125,45.28,35,100,2.15,CN,2021-11-15 01:17:43
410,Hammerfest,70.6634,23.6821,28.85,69,100,4.61,NO,2021-11-15 01:17:44
411,Batemans Bay,-35.7167,150.1833,64.2,32,42,12.93,AU,2021-11-15 01:17:44
412,Alice Springs,-23.7,133.8833,72.95,28,42,10.36,AU,2021-11-15 01:17:45
413,Razdolinsk,58.4211,94.6658,20.05,97,100,2.06,RU,2021-11-15 01:17:45
414,Zhuhai,22.2769,113.5678,73.98,68,20,11.5,CN,2021-11-15 01:18:46
415,Chinhoyi,-17.3667,30.2,66.69,82,4,4.16,ZW,2021-11-15 01:18:46
416,Maniitsoq,65.4167,-52.9,10.71,79,88,6.82,GL,2021-11-15 01:18:47
417,Mkushi,-13.6202,29.3939,68.79,71,100,4.23,ZM,2021-11-15 01:18:47
418,Dubbo,-32.25,148.6167,64.53,42,6,19.57,AU,2021-11-15 01:18:47
419,Port Lincoln,-34.7333,135.8667,57.54,60,98,15.68,AU,2021-11-15 01:18:48
420,Chifeng,42.2683,118.9636,29.98,61,8,1.45,CN,2021-11-15 01:18:48
421,Torbay,47.6666,-52.7314,49.57,90,90,23.02,CA,2021-11-15 01:18:49
422,Gbarnga,6.9956,-9.4722,69.87,98,90,1.72,LR,2021-11-15 01:18:49
423,Worcester,42.3334,-71.8328,42.55,85,90,4.61,US,2021-11-15 01:18:22
424,Byron Bay,-28.65,153.6167,85.05,29,0,4.65,AU,2021-11-15 01:18:50
425,Port-Gentil,-0.7193,8.7815,77.54,84,100,5.39,GA,2021-11-15 01:18:50
426,Korcula,42.9622,17.1369,50.56,72,100,10.51,HR,2021-11-15 01:18:51
427,Lufilufi,-13.8745,-171.5986,89.38,71,5,2.17,WS,2021-11-15 01:18:51
428,Bandarbeyla,9.4942,50.8122,75.51,75,3,9.75,SO,2021-11-15 01:18:52
429,Biga,40.2281,27.2422,51.06,87,23,0.72,TR,2021-11-15 01:18:52
430,Payson,40.0444,-111.7321,58.62,66,1,1.01,US,2021-11-15 01:18:53
431,Salinopolis,-0.6136,-47.3561,78.62,85,58,7.27,BR,2021-11-15 01:18:53
432,Walla Walla,46.0646,-118.343,65.14,62,1,7.0,US,2021-11-15 01:18:55
433,Ulaanbaatar,47.9077,106.8832,23.85,46,8,3.31,MN,2021-11-15 01:18:55
434,Easthampton,42.2668,-72.669,45.18,73,1,1.01,US,2021-11-15 01:18:56
435,Goderich,43.7501,-81.7165,35.91,100,100,3.44,CA,2021-11-15 01:18:56
436,Port Moresby,-9.4431,147.1797,85.73,69,100,4.7,PG,2021-11-15 01:14:55
437,Teahupoo,-17.8333,-149.2667,76.96,75,100,2.75,PF,2021-11-15 01:18:57
438,Methven,-43.6333,171.65,69.03,40,27,11.01,NZ,2021-11-15 01:18:58
439,Yagodnoye,62.55,149.6667,8.01,95,100,1.9,RU,2021-11-15 01:18:58
440,Santarem,-2.4431,-54.7083,78.93,94,0,4.61,BR,2021-11-15 01:18:59
441,Dicabisagan,17.0818,122.4157,80.1,84,90,6.78,PH,2021-11-15 01:18:59
442,Nemuro,43.3236,145.575,50.43,71,56,12.21,JP,2021-11-15 01:19:00
443,Omsukchan,62.5333,155.8,16.93,95,100,3.85,RU,2021-11-15 01:19:00
444,Obihiro,42.9172,143.2044,51.21,61,7,11.86,JP,2021-11-15 01:19:01
445,Zabol,32.25,67.25,36.18,38,0,3.67,AF,2021-11-15 01:19:01
446,Abu Samrah,35.3029,37.1841,61.25,30,100,7.4,SY,2021-11-15 01:19:02
447,Karratha,-20.7377,116.8463,89.37,19,19,7.0,AU,2021-11-15 01:19:02
448,Ganzhou,28.8184,115.4327,59.63,49,5,0.92,CN,2021-11-15 01:19:03
449,Mirnyy,62.5353,113.9611,-0.69,99,88,3.13,RU,2021-11-15 01:19:03
450,Ust-Kuyga,70.0167,135.6,-23.46,100,100,4.29,RU,2021-11-15 01:19:04
451,Namtsy,62.7161,129.6658,-14.69,100,64,1.12,RU,2021-11-15 01:19:04
452,Sunbury,-37.5833,144.7333,55.54,66,75,3.0,AU,2021-11-15 01:19:04
453,Peniche,39.3558,-9.3811,59.61,92,5,8.21,PT,2021-11-15 01:19:05
454,Asind,25.7333,74.3333,61.2,44,0,3.71,IN,2021-11-15 01:19:06
455,Nouadhibou,20.931,-17.0347,67.98,77,83,8.05,MR,2021-11-15 01:19:06
456,Saryg-Sep,51.5,95.6,16.65,90,100,3.18,RU,2021-11-15 01:19:07
457,Denpasar,-8.65,115.2167,83.86,79,20,5.75,ID,2021-11-15 01:19:07
458,Barabinsk,55.3571,78.357,21.52,97,97,4.81,RU,2021-11-15 01:19:08
459,Morehead,37.2711,-87.1764,45.0,72,1,1.99,US,2021-11-15 01:15:51
460,La Sarre,48.8002,-79.1996,27.45,91,93,3.47,CA,2021-11-15 01:19:08
461,Porto Novo,6.4965,2.6036,84.02,85,100,5.82,BJ,2021-11-15 01:20:09
462,Jining,35.405,116.5814,53.26,48,100,3.83,CN,2021-11-15 01:20:09
463,Hvolsvollur,63.7533,-20.2243,33.82,72,100,24.74,IS,2021-11-15 01:20:10
464,Biak,-0.9131,122.8766,82.42,71,100,1.72,ID,2021-11-15 01:20:10
465,Alpena,45.0617,-83.4327,37.11,90,90,5.01,US,2021-11-15 01:20:11
466,San Policarpo,12.1791,125.5072,81.55,81,100,6.51,PH,2021-11-15 01:20:13
467,Venado Tuerto,-33.7456,-61.9688,61.77,47,0,7.29,AR,2021-11-15 01:20:15
468,Vardo,70.3705,31.1107,28.42,65,100,18.43,NO,2021-11-15 01:20:15
469,Miraflores,19.2167,-98.8083,61.45,66,77,2.64,MX,2021-11-15 01:20:15
470,Pulandian,39.3953,121.9669,44.73,55,53,5.1,CN,2021-11-15 01:20:16
471,Moose Factory,51.2585,-80.6094,35.6,93,90,9.22,CA,2021-11-15 01:20:16
472,Pascagoula,30.3658,-88.5561,52.72,72,0,6.49,US,2021-11-15 01:20:17
473,Jinchang,38.4953,102.1739,36.5,28,0,3.76,CN,2021-11-15 01:20:17
474,Xinpu,34.5997,119.1594,54.01,47,97,2.44,CN,2021-11-15 01:20:18
475,Inhambane,-23.865,35.3833,73.53,87,39,6.44,MZ,2021-11-15 01:20:18
476,Liku,-0.7275,119.8922,84.02,65,100,2.01,ID,2021-11-15 01:20:18
477,Christchurch,-43.5333,172.6333,73.6,42,4,5.01,NZ,2021-11-15 01:20:19
478,Orange Cove,36.6244,-119.3137,68.45,49,17,2.66,US,2021-11-15 01:20:20
479,Pozo Colorado,-23.4923,-58.7972,71.26,96,100,6.93,PY,2021-11-15 01:20:21
480,Paracelis,17.2667,121.4667,79.25,78,94,4.21,PH,2021-11-15 01:20:21
481,Quarai,-30.3875,-56.4514,69.3,73,86,6.69,BR,2021-11-15 01:20:21
482,Cruz Alta,-28.6386,-53.6064,71.58,68,100,8.37,BR,2021-11-15 01:20:22
483,Tilichiki,60.4667,166.1,29.16,97,100,8.57,RU,2021-11-15 01:20:22
484,Robertsport,6.7533,-11.3686,78.96,80,31,4.03,LR,2021-11-15 01:20:17
485,Bergerac,44.8333,0.5,48.78,100,0,4.61,FR,2021-11-15 01:20:24
486,Constitucion,-35.3333,-72.4167,52.38,88,64,13.2,CL,2021-11-15 01:16:25
487,Pervomayskiy,53.2485,40.2871,32.13,97,100,11.74,RU,2021-11-15 01:20:25
488,Yabelo,4.8833,38.0833,56.52,87,73,6.22,ET,2021-11-15 01:20:25
489,Atambua,-9.1061,124.8925,80.74,70,100,1.9,ID,2021-11-15 01:20:26
490,Khor,47.8861,134.9464,19.45,78,6,13.65,RU,2021-11-15 01:20:26
491,Benghazi,32.1167,20.0667,69.62,54,81,24.56,LY,2021-11-15 01:20:27
492,Baherden,38.4362,57.4316,47.37,73,0,6.93,TM,2021-11-15 01:20:27
493,Eganville,45.5334,-77.0994,35.02,97,100,2.62,CA,2021-11-15 01:20:28
494,Ternate,0.8,127.4,82.63,72,100,1.52,ID,2021-11-15 01:20:28
495,Luanda,-8.8368,13.2343,77.76,81,100,10.67,AO,2021-11-15 01:20:28
496,Qasigiannguit,68.8193,-51.1922,10.65,90,100,4.16,GL,2021-11-15 01:20:29
497,Takaka,-40.85,172.8,70.97,52,4,13.62,NZ,2021-11-15 01:20:29
498,Celendin,-6.8703,-78.1517,56.7,81,100,2.13,PE,2021-11-15 01:20:30
499,Belyy,55.8402,32.9419,30.51,91,100,6.8,RU,2021-11-15 01:20:30
500,Ketchikan,55.3422,-131.6461,39.67,93,90,6.91,US,2021-11-15 01:20:31
501,Dover,39.1582,-75.5244,49.98,76,75,6.91,US,2021-11-15 01:15:52
502,Ugoofaaru,5.6667,73.0,81.86,79,65,21.88,MV,2021-11-15 01:20:31
503,Sokoni,-6.4333,39.55,79.38,73,59,9.42,TZ,2021-11-15 01:20:32
504,Demirci,39.0461,28.6589,46.71,55,11,2.89,TR,2021-11-15 01:20:32
505,Jieshi,22.8134,115.8257,66.94,58,80,16.06,CN,2021-11-15 01:20:33
506,Sovetskiy,61.3614,63.5842,15.64,86,100,8.12,RU,2021-11-15 01:21:33
507,Whakatane,-37.9585,176.9854,72.77,77,14,8.01,NZ,2021-11-15 01:21:34
508,Richards Bay,-28.783,32.0377,67.03,89,100,1.88,ZA,2021-11-15 01:16:39
509,Pokhara,28.2333,83.9833,57.4,65,88,3.2,NP,2021-11-15 01:16:43
510,Melnikovo,56.5558,84.085,28.17,95,100,7.58,RU,2021-11-15 01:21:35
511,Saint-Leu,-21.15,55.2833,74.26,78,3,3.51,RE,2021-11-15 01:21:35
512,Gat,31.61,34.7642,67.82,35,91,6.78,IL,2021-11-15 01:21:35
513,Barkhan,29.8977,69.5256,51.31,20,0,5.06,PK,2021-11-15 01:21:36
514,Hirara,24.8,125.2833,75.47,60,40,12.66,JP,2021-11-15 01:21:36
515,Lyaskelya,61.7667,31.0167,28.62,69,98,6.02,RU,2021-11-15 01:21:37
516,Lubao,14.9167,120.55,87.82,68,65,8.84,PH,2021-11-15 01:21:37
517,Victor Harbor,-35.5667,138.6167,61.92,67,100,15.05,AU,2021-11-15 01:21:38
518,Kampen,52.555,5.9111,48.02,92,0,5.66,NL,2021-11-15 01:21:38
519,Omaruru,-21.4333,15.9333,75.36,30,20,4.9,NA,2021-11-15 01:21:38
520,Sarandi,-23.4436,-51.8739,76.55,53,0,6.91,BR,2021-11-15 01:21:39
521,Camapua,-19.5314,-54.0439,75.4,84,100,0.31,BR,2021-11-15 01:18:14
522,Puerto Madryn,-42.7692,-65.0385,62.55,41,100,22.95,AR,2021-11-15 01:20:54
523,Kushmurun,52.4503,64.6311,19.96,91,96,12.46,KZ,2021-11-15 01:21:40
524,Calama,-22.4667,-68.9333,59.49,17,12,11.5,CL,2021-11-15 01:21:40
525,Challans,46.8436,-1.8749,51.71,91,66,7.72,FR,2021-11-15 01:21:41
526,Wageningen,51.9667,5.6667,48.83,89,90,8.05,NL,2021-11-15 01:21:41
527,Sur,22.5667,59.5289,77.32,60,0,11.65,OM,2021-11-15 01:21:41
528,Yar-Sale,66.8333,70.8333,5.13,95,78,9.62,RU,2021-11-15 01:21:42
529,West Wendover,40.7391,-114.0733,52.81,47,1,4.61,US,2021-11-15 01:21:42
530,Totskoye,52.5248,52.7623,19.38,93,100,3.49,RU,2021-11-15 01:21:43
531,Ruidoso,33.3317,-105.673,54.9,18,1,10.36,US,2021-11-15 01:21:43
532,Saint-Joseph,-21.3667,55.6167,73.78,79,32,5.03,RE,2021-11-15 01:21:44
533,Nyurba,63.2842,118.3319,0.77,99,92,1.99,RU,2021-11-15 01:21:44
534,Hualmay,-11.0964,-77.6139,63.7,82,48,8.97,PE,2021-11-15 01:21:44
535,Dryden,49.7833,-92.7503,21.49,86,90,5.75,CA,2021-11-15 01:21:45
536,Hanzhong,33.0728,107.0303,45.9,75,100,0.63,CN,2021-11-15 01:21:45
537,Havre-Saint-Pierre,50.2334,-63.5986,33.8,86,20,8.05,CA,2021-11-15 01:21:46
538,Takoradi,4.8845,-1.7554,78.91,87,20,7.63,GH,2021-11-15 01:21:46
539,Nevinnomyssk,44.6267,41.9453,34.21,82,100,5.41,RU,2021-11-15 01:21:47
540,Alice Town,25.7167,-79.3,75.51,61,100,10.02,BS,2021-11-15 01:21:47
541,Ciudad Bolivar,8.1222,-63.5497,79.68,71,100,11.56,VE,2021-11-15 01:21:48
542,Ahuimanu,21.4447,-157.8378,80.31,61,75,4.61,US,2021-11-15 01:21:48
543,Praia Da Vitoria,38.7333,-27.0667,66.45,94,40,23.02,PT,2021-11-15 01:21:48
544,Namwala,-15.7504,26.4384,73.06,55,75,4.27,ZM,2021-11-15 01:21:49
545,Geraldton,-28.7667,114.6,70.21,64,1,9.22,AU,2021-11-15 01:19:21
546,Saint-Louis,16.3333,-15.0,84.94,29,80,5.21,SN,2021-11-15 01:21:50
547,Armizonskoye,55.9461,67.6736,15.44,90,100,11.97,RU,2021-11-15 01:21:50
548,Warrington,53.3925,-2.5802,50.99,95,67,1.01,GB,2021-11-15 01:18:26
549,Amahai,-3.3333,128.9167,79.14,81,100,3.58,ID,2021-11-15 01:21:51
550,Kahului,20.8947,-156.47,80.83,86,75,3.44,US,2021-11-15 01:21:21
551,Noumea,-22.2763,166.4572,87.01,99,8,12.08,NC,2021-11-15 01:19:27
552,Pilar,-9.5972,-35.9567,78.73,86,68,6.46,BR,2021-11-15 01:21:52
553,Katherine,-14.4667,132.2667,86.32,25,0,16.11,AU,2021-11-15 01:22:52
554,Dalianwan,39.0286,121.695,44.64,57,0,2.24,CN,2021-11-15 01:22:55
555,Alta Gracia,-31.6529,-64.4283,65.88,51,0,5.44,AR,2021-11-15 01:22:56
556,Price,39.5994,-110.8107,52.41,57,1,6.91,US,2021-11-15 01:22:58
557,Sydney,-33.8679,151.2073,72.32,34,0,3.0,AU,2021-11-15 01:20:30
558,Athabasca,54.7169,-113.2854,35.42,95,88,6.26,CA,2021-11-15 01:22:34
559,Tukrah,32.5341,20.5791,68.07,56,32,25.28,LY,2021-11-15 01:22:58
560,Tual,-5.6667,132.75,81.46,78,100,6.26,ID,2021-11-15 01:22:59
561,Kathmandu,27.7167,85.3167,52.02,93,40,0.0,NP,2021-11-15 01:22:59
562,Aberdeen,57.1437,-2.0981,53.49,90,97,4.61,GB,2021-11-15 01:18:30
563,Clyde River,70.4692,-68.5914,4.21,71,30,7.67,CA,2021-11-15 01:23:00
564,Balabac,7.9868,117.0645,82.71,71,100,0.87,PH,2021-11-15 01:23:01
565,Berlevag,70.8578,29.0864,25.47,71,100,17.54,NO,2021-11-15 01:23:01
566,Kouango,4.9934,19.9619,72.9,92,100,1.77,CF,2021-11-15 01:23:02
567,Port Keats,-14.25,129.55,92.93,18,100,11.61,AU,2021-11-15 01:23:03
568,Gejiu,23.306,103.1635,48.45,98,94,3.94,CN,2021-11-15 01:23:03
569,Cascais,38.6979,-9.4215,59.5,67,1,5.99,PT,2021-11-15 01:23:03
570,Kaeo,-35.1,173.7833,78.33,61,0,14.16,NZ,2021-11-15 01:23:04
571,Canto Do Buriti,-8.11,-42.9444,80.33,60,97,1.39,BR,2021-11-15 01:23:04
572,Saint-Lo,49.1162,-1.0903,52.99,89,53,4.09,FR,2021-11-15 01:23:05
573,Taraz,42.9,71.3667,36.01,75,75,4.47,KZ,2021-11-15 01:23:05
574,Alofi,-19.0595,-169.9187,80.49,57,32,12.66,NU,2021-11-15 01:23:06
575,Macon,39.8667,-88.9668,36.88,69,90,11.5,US,2021-11-15 01:23:06
576,Skelleftea,64.7507,20.9528,23.36,100,90,5.75,SE,2021-11-15 01:23:07
577,Ust-Maya,60.4167,134.5333,-8.05,94,30,2.84,RU,2021-11-15 01:23:07
578,Repalle,16.0167,80.85,79.02,96,87,5.39,IN,2021-11-15 01:23:08
579,Tefe,-3.3542,-64.7114,75.04,95,100,2.3,BR,2021-11-15 01:23:08
580,Gallup,35.5281,-108.7426,53.44,29,1,1.99,US,2021-11-15 01:23:08
