City_ID,City,Lat,Lng,Max Temp,Humidity,Cloudiness,Wind Speed,Country,Current Description,Date
0,Ridgefield,40.8343,-74.0088,53.92,84,90,5.75,US,drizzle,2021-11-22 02:46:33
1,Punta Arenas,-53.15,-70.9167,39.31,75,75,25.32,CL,broken clouds,2021-11-22 02:51:11
2,Upernavik,72.7868,-56.1549,4.35,87,40,6.62,GL,scattered clouds,2021-11-22 02:51:12
3,Fairbanks,64.8378,-147.7164,-10.39,75,1,0.0,US,clear sky,2021-11-22 02:48:50
4,Atuona,-9.8,-139.0333,78.26,74,100,10.78,PF,overcast clouds,2021-11-22 02:51:12
5,Hermanus,-34.4187,19.2345,65.89,91,100,17.11,ZA,light rain,2021-11-22 02:51:13
6,Kapaa,22.0752,-159.319,82.38,71,40,3.0,US,scattered clouds,2021-11-22 02:51:13
7,La Ronge,55.1001,-105.2842,12.45,79,90,8.05,CA,light shower snow,2021-11-22 02:51:13
8,Chumikan,54.7183,135.315,6.8,76,100,2.3,RU,overcast clouds,2021-11-22 02:51:14
9,Rikitea,-23.1203,-134.9692,74.61,61,4,3.94,PF,clear sky,2021-11-22 02:51:14
10,Nikolskoye,59.7035,30.7861,27.39,69,45,10.0,RU,scattered clouds,2021-11-22 02:51:15
11,Ushuaia,-54.8,-68.3,37.06,75,90,18.41,AR,moderate rain,2021-11-22 02:51:13
12,Poum,-20.2333,164.0167,78.71,66,3,5.84,NC,clear sky,2021-11-22 02:51:15
13,Darovskoy,58.77,47.9564,24.01,94,98,7.78,RU,overcast clouds,2021-11-22 02:51:16
14,Sitka,57.0531,-135.33,42.69,87,90,10.36,US,light intensity drizzle,2021-11-22 02:46:48
15,Alyangula,-13.8483,136.4192,91.27,58,70,8.05,AU,broken clouds,2021-11-22 02:51:17
16,Vaini,-21.2,-175.2,80.76,94,75,5.75,TO,broken clouds,2021-11-22 02:51:18
17,Novyy Urengoy,66.0833,76.6333,18.32,93,100,18.61,RU,light snow,2021-11-22 02:51:18
18,Kanker,20.2719,81.4931,78.55,76,81,0.96,IN,broken clouds,2021-11-22 02:51:18
19,Progreso,21.2833,-89.6667,77.11,82,2,11.74,MX,clear sky,2021-11-22 02:51:19
20,Roald,62.5833,6.1333,39.34,81,40,14.97,NO,light rain,2021-11-22 02:51:19
21,Hobart,-42.8794,147.3294,74.01,54,40,1.01,AU,scattered clouds,2021-11-22 02:51:20
22,Chuy,-33.6971,-53.4616,67.15,80,0,8.3,UY,clear sky,2021-11-22 02:51:08
23,Tiznit,29.5833,-9.5,60.64,67,96,1.97,MA,overcast clouds,2021-11-22 02:51:21
24,Port Alfred,-33.5906,26.891,67.98,88,100,10.96,ZA,overcast clouds,2021-11-22 02:51:22
25,Port Hedland,-20.3167,118.5667,87.85,45,100,11.5,AU,overcast clouds,2021-11-22 02:51:22
26,Muroto,33.2833,134.15,66.24,93,100,28.32,JP,moderate rain,2021-11-22 02:51:22
27,Avarua,-21.2078,-159.775,80.65,74,90,4.61,CK,overcast clouds,2021-11-22 02:51:23
28,Sinnamary,5.3833,-52.95,78.4,87,9,7.9,GF,clear sky,2021-11-22 02:51:23
29,Saint-Augustin,51.226,-58.6502,32.49,84,42,3.91,CA,scattered clouds,2021-11-22 02:51:24
30,Sao Francisco De Paula,-29.4481,-50.5836,60.66,67,0,5.03,BR,clear sky,2021-11-22 02:51:24
31,Qaanaaq,77.484,-69.3632,-9.65,73,23,6.04,GL,few clouds,2021-11-22 02:51:25
32,Dikson,73.5069,80.5464,-12.24,76,14,13.58,RU,few clouds,2021-11-22 02:50:41
33,Constitucion,-35.3333,-72.4167,57.13,76,2,10.36,CL,clear sky,2021-11-22 02:51:26
34,Dergachi,51.2328,48.7659,42.44,88,100,23.98,RU,overcast clouds,2021-11-22 02:51:26
35,Hambantota,6.1241,81.1185,77.34,88,0,4.61,LK,clear sky,2021-11-22 02:51:26
36,Hamilton,39.1834,-84.5333,46.15,95,90,3.0,US,mist,2021-11-22 02:50:41
37,Saint-Georges,12.0564,-61.7485,80.28,83,20,14.97,GD,few clouds,2021-11-22 02:51:27
38,Sao Filipe,14.8961,-24.4956,81.43,67,100,7.45,CV,overcast clouds,2021-11-22 02:51:27
39,Busselton,-33.65,115.3333,65.08,44,11,15.68,AU,few clouds,2021-11-22 02:51:28
40,Leningradskiy,69.3833,178.4167,-14.75,99,46,3.38,RU,scattered clouds,2021-11-22 02:51:28
41,Inhambane,-23.865,35.3833,73.58,73,100,7.18,MZ,overcast clouds,2021-11-22 02:51:29
42,Udachnyy,66.4167,112.4,-8.27,99,100,3.09,RU,overcast clouds,2021-11-22 02:51:29
43,Mataura,-46.1927,168.8643,53.8,82,100,2.13,NZ,overcast clouds,2021-11-22 02:50:42
44,Bubaque,11.2833,-15.8333,82.29,76,76,9.48,GW,broken clouds,2021-11-22 02:51:29
45,Lawrenceburg,38.0373,-84.8966,48.67,97,20,1.99,US,mist,2021-11-22 02:51:30
46,Egvekinot,66.3167,-179.1667,-7.31,87,9,10.38,RU,clear sky,2021-11-22 02:51:30
47,Caravelas,-17.7125,-39.2481,71.4,87,100,10.04,BR,overcast clouds,2021-11-22 02:51:31
48,Henties Bay,-22.116,14.2845,59.86,91,0,6.71,NA,clear sky,2021-11-22 02:51:31
49,Souillac,-20.5167,57.5167,73.78,88,75,3.44,MU,broken clouds,2021-11-22 02:52:31
50,Bluff,-46.6,168.3333,51.89,73,100,7.87,NZ,overcast clouds,2021-11-22 02:52:32
51,Bambous Virieux,-20.3428,57.7575,73.65,88,75,3.44,MU,broken clouds,2021-11-22 02:52:33
52,Atar,20.5169,-13.0499,79.18,42,100,8.41,MR,overcast clouds,2021-11-22 02:52:33
53,Asau,46.4333,26.4,41.76,67,92,4.18,RO,overcast clouds,2021-11-22 02:52:34
54,Obregon,11.9566,-85.9636,80.69,89,18,7.05,NI,few clouds,2021-11-22 02:52:34
55,Murupara,-38.4667,176.7,70.29,63,100,4.9,NZ,heavy intensity rain,2021-11-22 02:52:34
56,Hilo,19.7297,-155.09,80.33,75,20,10.36,US,few clouds,2021-11-22 02:52:35
57,Lata,40.1629,-8.3327,51.08,94,2,1.74,PT,clear sky,2021-11-22 02:52:36
58,Bonthe,7.5264,-12.505,78.66,84,9,5.95,SL,clear sky,2021-11-22 02:52:36
59,Manaure,11.7751,-72.4445,79.81,79,97,12.48,CO,overcast clouds,2021-11-22 02:52:36
60,Mahebourg,-20.4081,57.7,73.69,88,75,3.44,MU,broken clouds,2021-11-22 02:52:37
61,Oistins,13.0667,-59.5333,78.89,78,40,12.66,BB,scattered clouds,2021-11-22 02:52:37
62,Albany,42.6001,-73.9662,48.81,72,100,3.0,US,overcast clouds,2021-11-22 02:47:56
63,Tuktoyaktuk,69.4541,-133.0374,-11.2,84,1,4.61,CA,clear sky,2021-11-22 02:52:38
64,Banda Aceh,5.5577,95.3222,83.52,68,73,1.81,ID,broken clouds,2021-11-22 02:52:38
65,Kamaishi,39.2667,141.8833,47.35,96,100,22.3,JP,moderate rain,2021-11-22 02:52:39
66,Jamestown,42.097,-79.2353,42.39,98,90,11.99,US,overcast clouds,2021-11-22 02:50:51
67,Thompson,55.7435,-97.8558,-3.84,84,1,6.91,CA,clear sky,2021-11-22 02:52:39
68,Hithadhoo,-0.6,73.0833,80.42,80,90,8.55,MV,overcast clouds,2021-11-22 02:52:40
69,Bredasdorp,-34.5322,20.0403,63.28,88,100,16.11,ZA,light rain,2021-11-22 02:52:40
70,Lakatoro,-16.0999,167.4164,84.0,69,84,9.31,VU,broken clouds,2021-11-22 02:52:40
71,Ribeira Brava,32.65,-17.0667,69.01,83,12,6.96,PT,few clouds,2021-11-22 02:52:41
72,Karratha,-20.7377,116.8463,82.42,53,100,7.2,AU,overcast clouds,2021-11-22 02:52:41
73,Skegness,53.1436,0.3363,47.57,64,7,18.01,GB,clear sky,2021-11-22 02:52:42
74,Provideniya,64.3833,-173.3,5.11,61,0,8.95,RU,clear sky,2021-11-22 02:52:42
75,Puerto Ayora,-0.7393,-90.3518,69.55,82,74,7.0,EC,broken clouds,2021-11-22 02:52:30
76,Coahuayana,18.7333,-103.6833,75.34,86,0,3.87,MX,clear sky,2021-11-22 02:52:43
77,Saskylakh,71.9167,114.0833,-23.76,97,56,7.63,RU,broken clouds,2021-11-22 02:52:43
78,Ketchikan,55.3422,-131.6461,45.07,93,90,4.61,US,light rain,2021-11-22 02:52:43
79,Jalu,29.0331,21.5482,60.1,59,3,5.73,LY,clear sky,2021-11-22 02:52:44
80,Namatanai,-3.6667,152.4333,86.47,66,14,9.31,PG,few clouds,2021-11-22 02:52:44
81,Kodiak,57.79,-152.4072,27.91,37,1,6.91,US,clear sky,2021-11-22 02:52:45
82,Marrakesh,31.6315,-8.0083,59.07,72,75,3.44,MA,broken clouds,2021-11-22 02:52:45
83,Castro,-24.7911,-50.0119,55.69,80,9,4.03,BR,clear sky,2021-11-22 02:52:45
84,Nenjiang,49.1833,125.2167,13.66,87,100,16.8,CN,overcast clouds,2021-11-22 02:52:46
85,Tasiilaq,65.6145,-37.6368,31.39,95,100,7.92,GL,light snow,2021-11-22 02:52:46
86,Honiara,-9.4333,159.95,87.85,57,12,4.43,SB,few clouds,2021-11-22 02:52:46
87,Clyde River,70.4692,-68.5914,3.43,85,96,2.3,CA,overcast clouds,2021-11-22 02:52:47
88,Norfolk,42.1668,-71.2495,54.14,86,90,1.01,US,overcast clouds,2021-11-22 02:47:52
89,Chokurdakh,70.6333,147.9167,-14.4,98,100,3.76,RU,overcast clouds,2021-11-22 02:52:47
90,Erenhot,43.6475,111.9767,14.72,30,0,14.52,CN,clear sky,2021-11-22 02:52:48
91,Codrington,-38.2667,141.9667,66.83,56,94,12.88,AU,overcast clouds,2021-11-22 02:52:48
92,Katsuura,35.1333,140.3,62.19,85,100,26.06,JP,moderate rain,2021-11-22 02:52:49
93,Ancud,-41.8697,-73.8203,54.93,94,63,7.63,CL,broken clouds,2021-11-22 02:52:49
94,Chernyshevskiy,63.0128,112.4714,-19.32,100,94,1.32,RU,overcast clouds,2021-11-22 02:52:49
95,Jawhar,2.7809,45.5005,72.84,85,61,6.17,SO,broken clouds,2021-11-22 02:52:50
96,Mackay,-21.15,149.2,92.68,43,16,19.57,AU,few clouds,2021-11-22 02:52:50
97,Slave Lake,55.2834,-114.769,38.21,84,97,11.65,CA,overcast clouds,2021-11-22 02:53:51
98,Maputo,-25.9653,32.5892,70.23,87,100,6.62,MZ,light rain,2021-11-22 02:48:55
99,Broken Hill,-31.95,141.4333,73.11,43,87,13.8,AU,overcast clouds,2021-11-22 02:53:51
100,Adiake,5.2863,-3.304,80.19,87,82,4.43,CI,light rain,2021-11-22 02:53:52
101,Sabha,27.0377,14.4283,61.16,53,5,11.05,LY,clear sky,2021-11-22 02:53:53
102,Lac Du Bonnet,50.2536,-96.0612,12.67,88,97,8.72,CA,overcast clouds,2021-11-22 02:53:53
103,Fortuna,40.5982,-124.1573,49.12,51,1,0.0,US,clear sky,2021-11-22 02:53:53
104,Virginia Beach,36.8529,-75.978,59.02,92,100,8.95,US,overcast clouds,2021-11-22 02:50:08
105,Teeswater,43.9959,-81.2865,43.45,87,74,27.78,CA,broken clouds,2021-11-22 02:53:54
106,San Quintin,30.4833,-115.95,63.27,76,100,4.97,MX,overcast clouds,2021-11-22 02:50:54
107,Haimen,23.1935,116.6142,67.89,57,51,14.99,CN,broken clouds,2021-11-22 02:53:55
108,Filingue,14.3521,3.3168,78.42,18,4,9.82,NE,clear sky,2021-11-22 02:53:55
109,Saint-Philippe,-21.3585,55.7679,78.35,66,3,3.33,RE,clear sky,2021-11-22 02:53:56
110,Prainha,-1.8,-53.48,73.74,97,100,2.62,BR,overcast clouds,2021-11-22 02:53:56
111,Emerald,-23.5333,148.1667,89.74,33,40,13.8,AU,scattered clouds,2021-11-22 02:53:56
112,Manjacaze,-24.7117,33.8828,67.26,91,100,5.73,MZ,light rain,2021-11-22 02:53:57
113,Narsaq,60.9167,-46.05,23.7,97,99,4.97,GL,overcast clouds,2021-11-22 02:53:57
114,Verkhnevilyuysk,63.4453,120.3167,-23.85,97,83,1.88,RU,broken clouds,2021-11-22 02:53:58
115,Umm Kaddadah,13.6017,26.6876,65.28,31,60,11.61,SD,broken clouds,2021-11-22 02:53:58
116,Merauke,-8.4667,140.3333,86.25,69,79,4.07,ID,broken clouds,2021-11-22 02:53:58
117,Kulhudhuffushi,6.6221,73.07,81.28,70,100,13.6,MV,overcast clouds,2021-11-22 02:53:59
118,Victoria,22.2855,114.1577,69.24,82,100,5.01,HK,overcast clouds,2021-11-22 02:51:41
119,Krk,45.0258,14.5731,50.56,83,100,5.14,HR,overcast clouds,2021-11-22 02:53:59
120,Billings,45.7833,-108.5007,42.93,54,35,8.57,US,scattered clouds,2021-11-22 02:54:00
121,Filadelfia,39.9523,-75.1638,52.11,88,90,1.99,US,overcast clouds,2021-11-22 02:53:42
122,Umkomaas,-30.2067,30.7978,68.59,92,100,10.07,ZA,overcast clouds,2021-11-22 02:54:00
123,Pierre,44.3683,-100.351,28.85,57,80,1.01,US,broken clouds,2021-11-22 02:54:01
124,Hovd,48.0056,91.6419,15.64,30,54,1.45,MN,broken clouds,2021-11-22 02:54:01
125,Acapulco,16.8634,-99.8901,78.58,78,0,2.53,MX,clear sky,2021-11-22 02:54:02
126,Kalevala,65.2,31.1667,17.85,82,6,10.25,RU,clear sky,2021-11-22 02:54:02
127,Flin Flon,54.7682,-101.865,8.56,90,100,1.61,CA,overcast clouds,2021-11-22 02:50:06
128,Brae,60.3964,-1.353,46.31,89,100,24.56,GB,overcast clouds,2021-11-22 02:54:03
129,Parker,32.7668,-97.8003,56.73,50,100,7.0,US,overcast clouds,2021-11-22 02:54:03
130,Hope,33.6671,-93.5916,62.65,90,100,9.66,US,overcast clouds,2021-11-22 02:54:03
131,Khatanga,71.9667,102.5,-32.1,99,6,5.19,RU,clear sky,2021-11-22 02:54:04
132,Otane,-39.8833,176.6333,73.38,68,100,7.78,NZ,overcast clouds,2021-11-22 02:54:04
133,Luderitz,-26.6481,15.1594,58.46,82,26,8.63,NA,scattered clouds,2021-11-22 02:54:04
134,Broome,42.2506,-75.833,44.2,79,90,3.0,US,overcast clouds,2021-11-22 02:54:05
135,Victor Harbor,-35.5667,138.6167,80.19,68,100,1.01,AU,overcast clouds,2021-11-22 02:54:06
136,Dingle,10.9995,122.6711,86.67,71,63,8.63,PH,broken clouds,2021-11-22 02:54:06
137,Beringovskiy,63.05,179.3167,0.01,99,98,13.31,RU,overcast clouds,2021-11-22 02:54:07
138,Port Elizabeth,-33.918,25.5701,67.1,94,90,3.44,ZA,overcast clouds,2021-11-22 02:52:20
139,Kargil,34.5667,76.1,14.29,56,0,1.63,IN,clear sky,2021-11-22 02:54:07
140,Lebu,-37.6167,-73.65,54.37,91,81,18.84,CL,broken clouds,2021-11-22 02:54:08
141,Dakar,14.6937,-17.4441,77.88,83,84,20.13,SN,broken clouds,2021-11-22 02:54:08
142,Padang,-0.9492,100.3543,86.05,62,79,1.43,ID,broken clouds,2021-11-22 02:54:08
143,Shimanovsk,52.0,127.7,13.53,63,100,12.84,RU,overcast clouds,2021-11-22 02:54:10
144,Olafsvik,64.8945,-23.7142,43.09,83,100,18.97,IS,overcast clouds,2021-11-22 02:55:10
145,Chicama,-7.8447,-79.1469,61.34,84,84,4.54,PE,broken clouds,2021-11-22 02:55:10
146,Belz,47.6751,-3.168,45.21,90,96,5.99,FR,overcast clouds,2021-11-22 02:55:11
147,Hofn,64.2539,-15.2082,41.95,63,75,12.64,IS,broken clouds,2021-11-22 02:55:11
148,New Norfolk,-42.7826,147.0587,73.65,33,37,3.0,AU,scattered clouds,2021-11-22 02:55:12
149,Tazovskiy,67.4667,78.7,5.22,95,100,21.72,RU,light snow,2021-11-22 02:55:12
150,Kaitangata,-46.2817,169.8464,51.19,82,100,4.32,NZ,overcast clouds,2021-11-22 02:55:12
151,Sonoita,31.85,-112.8333,68.52,21,98,6.49,MX,overcast clouds,2021-11-22 02:55:13
152,Santa Lucia,27.9117,-15.5407,59.76,78,0,4.61,ES,clear sky,2021-11-22 02:55:13
153,Vardo,70.3705,31.1107,27.19,63,100,18.41,NO,light snow,2021-11-22 02:55:14
154,Cabo San Lucas,22.8909,-109.9124,74.52,71,87,4.41,MX,overcast clouds,2021-11-22 02:55:14
155,Te Anau,-45.4167,167.7167,56.23,80,97,2.77,NZ,overcast clouds,2021-11-22 02:50:47
156,Ojinaga,29.5667,-104.4167,64.42,33,40,12.66,MX,scattered clouds,2021-11-22 02:55:15
157,Bogotol,56.2078,89.5342,20.55,84,100,8.16,RU,overcast clouds,2021-11-22 02:55:16
158,Lorengau,-2.0226,147.2712,84.02,74,61,5.66,PG,broken clouds,2021-11-22 02:55:16
159,Esperance,-33.8667,121.9,76.84,57,53,11.9,AU,broken clouds,2021-11-22 02:55:16
160,Ilulissat,69.2167,-51.1,15.69,95,100,5.93,GL,light snow,2021-11-22 02:54:41
161,Nanortalik,60.1432,-45.2371,30.04,94,75,11.03,GL,broken clouds,2021-11-22 02:50:44
162,Olinda,-8.0089,-34.8553,82.13,69,40,9.22,BR,scattered clouds,2021-11-22 02:53:55
163,Agirish,61.9247,63.0231,17.01,97,100,3.27,RU,light snow,2021-11-22 02:55:18
164,Cape Town,-33.9258,18.4232,66.61,80,20,26.46,ZA,few clouds,2021-11-22 02:54:03
165,Butaritari,3.0707,172.7902,81.41,78,21,9.28,KI,few clouds,2021-11-22 02:55:18
166,Himatnagar,23.6,72.95,74.21,59,79,6.87,IN,broken clouds,2021-11-22 02:55:19
167,Maumere,-8.6199,122.2111,85.96,68,99,1.21,ID,overcast clouds,2021-11-22 02:55:19
168,Faanui,-16.4833,-151.75,80.01,67,4,4.07,PF,clear sky,2021-11-22 02:55:20
169,Yellowknife,62.456,-114.3525,6.42,89,90,11.5,CA,light snow,2021-11-22 02:55:20
170,Champerico,14.3,-91.9167,80.76,77,26,3.44,GT,scattered clouds,2021-11-22 02:55:20
171,Kismayo,-0.3582,42.5454,78.42,78,75,7.56,SO,broken clouds,2021-11-22 02:55:21
172,Lazaro Cardenas,17.9583,-102.2,77.05,82,0,2.91,MX,clear sky,2021-11-22 02:55:21
173,Westport,41.1415,-73.3579,53.98,94,100,1.01,US,overcast clouds,2021-11-22 02:55:22
174,Natal,-5.795,-35.2094,81.25,83,40,11.5,BR,scattered clouds,2021-11-22 02:51:01
175,Flinders,-34.5833,150.8552,71.8,60,98,10.56,AU,overcast clouds,2021-11-22 02:55:23
176,Laguna,38.421,-121.4238,61.3,77,1,0.0,US,clear sky,2021-11-22 02:54:05
177,Kozhva,65.1073,57.0459,5.18,98,100,2.66,RU,overcast clouds,2021-11-22 02:55:24
178,Homer,59.6425,-151.5483,0.09,77,27,6.87,US,scattered clouds,2021-11-22 02:55:24
179,Plettenberg Bay,-34.0527,23.3716,65.39,94,86,2.57,ZA,light rain,2021-11-22 02:55:25
180,Vallentuna,59.5344,18.0776,29.79,80,0,3.44,SE,clear sky,2021-11-22 02:55:25
181,Pahrump,36.2083,-115.9839,59.18,24,0,4.72,US,clear sky,2021-11-22 02:55:26
182,Alofi,-19.0595,-169.9187,84.09,61,15,11.5,NU,few clouds,2021-11-22 02:55:26
183,Geraldton,-28.7667,114.6,73.13,49,75,17.27,AU,broken clouds,2021-11-22 02:55:27
184,Karangasem,-8.45,115.6167,86.88,72,78,6.58,ID,broken clouds,2021-11-22 02:55:27
185,Portland,45.5234,-122.6762,46.17,89,1,13.0,US,fog,2021-11-22 02:50:31
186,Palmas,-10.2128,-48.3603,78.67,89,40,3.44,BR,scattered clouds,2021-11-22 02:56:28
187,Nchelenge,-9.3451,28.734,70.27,88,91,3.24,ZM,light rain,2021-11-22 02:56:29
188,Longyearbyen,78.2186,15.6401,-3.3,81,49,5.03,SJ,scattered clouds,2021-11-22 02:56:29
189,Natalio,-26.7167,-55.0833,68.59,75,15,0.4,PY,few clouds,2021-11-22 02:56:30
190,Yuanping,38.7153,112.7575,26.58,14,0,14.32,CN,clear sky,2021-11-22 02:56:30
191,Kjollefjord,70.9457,27.3465,27.93,57,99,18.28,NO,light snow,2021-11-22 02:56:31
192,Barrow,71.2906,-156.7887,-8.97,97,26,9.46,US,scattered clouds,2021-11-22 02:56:31
193,Volosovo,59.4333,29.4833,25.36,63,86,10.8,RU,overcast clouds,2021-11-22 02:56:31
194,Nyazepetrovsk,56.0531,59.6028,22.82,90,100,14.76,RU,light snow,2021-11-22 02:56:32
195,Hami,42.8,93.45,28.36,42,1,1.32,CN,clear sky,2021-11-22 02:56:32
196,Neverkino,52.7854,46.7417,32.04,99,100,1.97,RU,snow,2021-11-22 02:56:33
197,Mozarlandia,-14.7447,-50.5706,74.89,91,100,1.43,BR,overcast clouds,2021-11-22 02:56:33
198,Vilyuysk,63.7553,121.6247,-24.34,97,91,3.38,RU,overcast clouds,2021-11-22 02:56:34
199,Jiaohe,43.7286,127.3447,18.86,79,100,16.4,CN,light snow,2021-11-22 02:56:34
200,Arraial Do Cabo,-22.9661,-42.0278,68.36,65,34,4.21,BR,scattered clouds,2021-11-22 02:56:35
201,Amga,60.8953,131.9608,-18.9,93,54,1.19,RU,broken clouds,2021-11-22 02:56:35
202,Klaksvik,62.2266,-6.589,45.52,83,100,31.41,FO,overcast clouds,2021-11-22 02:56:35
203,Solnechnyy,50.7214,136.6319,11.57,82,100,9.15,RU,overcast clouds,2021-11-22 02:56:36
204,Sao Joao Da Barra,-21.6403,-41.0511,67.33,74,89,6.49,BR,overcast clouds,2021-11-22 02:56:37
205,Mugur-Aksy,50.35,90.5,11.03,56,100,7.45,RU,overcast clouds,2021-11-22 02:56:37
206,Bathsheba,13.2167,-59.5167,79.41,78,40,12.66,BB,scattered clouds,2021-11-22 02:56:38
207,Moose Factory,51.2585,-80.6094,32.0,100,90,4.61,CA,snow,2021-11-22 02:56:38
208,Piacenza,45.0468,9.6994,46.98,97,100,6.55,IT,light rain,2021-11-22 02:53:56
209,Tonstad,58.6626,6.7169,31.33,78,83,3.49,NO,broken clouds,2021-11-22 02:56:39
210,Paciran,-6.8767,112.3761,86.27,68,66,2.55,ID,broken clouds,2021-11-22 02:56:39
211,Afyonkarahisar,38.75,30.6667,38.26,71,0,3.04,TR,clear sky,2021-11-22 02:56:40
212,Gayeri,12.6497,0.4931,76.89,19,5,6.53,BF,clear sky,2021-11-22 02:56:40
213,Turukhansk,65.8167,87.9833,0.64,90,100,19.51,RU,overcast clouds,2021-11-22 02:56:41
214,Tamandare,-8.7597,-35.1047,77.67,82,53,7.43,BR,broken clouds,2021-11-22 02:53:12
215,Georgetown,5.4112,100.3354,85.93,78,20,1.01,MY,few clouds,2021-11-22 02:56:41
216,Bakchar,57.0186,82.0711,19.78,89,100,9.82,RU,overcast clouds,2021-11-22 02:56:42
217,North Myrtle Beach,33.816,-78.68,63.01,90,99,5.17,US,overcast clouds,2021-11-22 02:53:41
218,Barra Patuca,15.8,-84.2833,77.02,80,39,4.68,HN,scattered clouds,2021-11-22 02:56:42
219,Dehloran,32.6941,47.2679,64.96,69,0,8.41,IR,clear sky,2021-11-22 02:56:43
220,Amazar,53.858,120.875,11.17,54,98,5.88,RU,overcast clouds,2021-11-22 02:56:43
221,Turbat,26.0023,63.044,68.25,17,0,9.4,PK,clear sky,2021-11-22 02:56:44
222,Sebezh,56.2955,28.4654,28.02,77,13,8.9,RU,few clouds,2021-11-22 02:56:44
223,Komsomolskiy,40.4272,71.7189,35.02,55,3,6.91,UZ,clear sky,2021-11-22 02:56:45
224,Darnah,32.767,22.6367,62.26,71,39,3.8,LY,scattered clouds,2021-11-22 02:56:45
225,Mengcheng,33.2579,116.5655,42.96,21,78,12.66,CN,broken clouds,2021-11-22 02:56:45
226,Mvomero,-6.25,38.6667,69.48,97,61,3.24,TZ,broken clouds,2021-11-22 02:56:46
227,Dawei,14.0833,98.2,87.64,62,35,2.08,MM,scattered clouds,2021-11-22 02:56:46
228,San Patricio,28.017,-97.5169,75.88,81,96,2.89,US,overcast clouds,2021-11-22 02:51:57
229,Itajobi,-21.3181,-49.0544,77.79,66,20,8.81,BR,few clouds,2021-11-22 02:57:47
230,Mana,5.6592,-53.7767,78.12,87,9,8.23,GF,clear sky,2021-11-22 02:57:47
231,San Andres,12.5847,-81.7006,82.42,78,75,10.36,CO,broken clouds,2021-11-22 02:57:48
232,Parana,-31.732,-60.5238,75.51,55,0,6.89,AR,clear sky,2021-11-22 02:57:48
233,Nome,64.5011,-165.4064,-6.47,97,16,5.86,US,few clouds,2021-11-22 02:57:49
234,Port Macquarie,-31.4333,152.9167,68.9,100,75,12.66,AU,broken clouds,2021-11-22 02:55:13
235,Ponta Do Sol,32.6667,-17.1,69.01,80,17,6.62,PT,few clouds,2021-11-22 02:57:49
236,Margate,51.3813,1.3862,47.7,74,17,8.01,GB,moderate rain,2021-11-22 02:57:50
237,Ostrovnoy,68.0531,39.5131,28.71,64,100,28.61,RU,light snow,2021-11-22 02:57:50
238,La Ciotat,43.1748,5.6045,51.82,84,57,6.33,FR,broken clouds,2021-11-22 02:57:50
239,Oyama,36.3,139.8,58.82,79,100,2.84,JP,moderate rain,2021-11-22 02:57:51
240,Bethel,41.3712,-73.414,52.48,89,90,3.0,US,overcast clouds,2021-11-22 02:57:51
241,Itarema,-2.9248,-39.9167,78.8,81,34,11.77,BR,scattered clouds,2021-11-22 02:57:52
242,San Ramon De La Nueva Oran,-23.1322,-64.326,75.6,51,86,1.88,AR,overcast clouds,2021-11-22 02:57:52
243,Nago,26.5881,127.9761,75.36,76,55,13.27,JP,broken clouds,2021-11-22 02:57:53
244,Fort Morgan,40.2503,-103.8,39.85,45,40,5.75,US,scattered clouds,2021-11-22 02:57:53
245,Nioro,13.35,-15.75,77.31,34,85,1.92,GM,overcast clouds,2021-11-22 02:57:53
246,North Bend,43.4065,-124.2243,47.91,97,100,4.5,US,overcast clouds,2021-11-22 02:57:54
247,Cherskiy,68.75,161.3,-30.64,99,18,5.37,RU,few clouds,2021-11-22 02:57:54
248,Pinar Del Rio,22.4175,-83.6981,73.0,90,14,2.13,CU,few clouds,2021-11-22 02:57:54
249,Acajutla,13.5928,-89.8275,79.34,74,77,5.95,SV,broken clouds,2021-11-22 02:57:55
250,Luanda,-8.8368,13.2343,77.0,83,75,5.75,AO,broken clouds,2021-11-22 02:57:55
251,Pangai,-19.8,-174.35,84.31,70,20,8.05,TO,few clouds,2021-11-22 02:57:56
252,Boende,-0.2167,20.8667,70.74,99,100,2.15,CD,light rain,2021-11-22 02:57:56
253,Roros,62.5747,11.3842,22.84,80,90,1.14,NO,light shower snow,2021-11-22 02:57:56
254,Labuhan,-6.8844,112.2051,86.31,68,75,2.51,ID,broken clouds,2021-11-22 02:57:57
255,Wanaraja,-7.1749,107.9808,82.26,63,79,1.61,ID,broken clouds,2021-11-22 02:57:57
256,Saint George,37.1041,-113.5841,56.25,32,0,1.01,US,clear sky,2021-11-22 02:57:03
257,Yumen,40.2833,97.2,30.33,33,0,12.93,CN,clear sky,2021-11-22 02:57:58
258,Iqaluit,63.7506,-68.5145,13.73,85,90,5.75,CA,light snow,2021-11-22 02:57:10
259,Samarai,-10.6167,150.6667,84.78,73,49,15.61,PG,scattered clouds,2021-11-22 02:57:59
260,Tilichiki,60.4667,166.1,-0.08,93,42,12.66,RU,scattered clouds,2021-11-22 02:57:59
261,Bilibino,68.0546,166.4372,-19.12,86,4,3.56,RU,clear sky,2021-11-22 02:58:00
262,Gamba,-2.65,10.0,77.77,92,100,5.64,GA,light rain,2021-11-22 02:54:18
263,Zafra,38.4167,-6.4167,50.32,91,51,3.76,ES,broken clouds,2021-11-22 02:58:00
264,Bilma,18.6853,12.9164,73.4,24,3,8.43,NE,clear sky,2021-11-22 02:58:01
265,Tura,25.5198,90.2201,71.56,63,5,2.04,IN,clear sky,2021-11-22 02:58:01
266,Skibbereen,51.55,-9.2667,39.0,81,10,9.71,IE,clear sky,2021-11-22 02:58:01
267,Tuatapere,-46.1333,167.6833,51.15,92,100,4.21,NZ,overcast clouds,2021-11-22 02:58:02
268,Aykhal,66.0,111.5,-10.39,98,100,3.15,RU,overcast clouds,2021-11-22 02:58:02
269,Upata,8.0086,-62.3989,72.19,96,92,2.37,VE,overcast clouds,2021-11-22 02:58:03
270,Salekhard,66.53,66.6019,11.03,94,100,16.26,RU,overcast clouds,2021-11-22 02:58:03
271,Carnarvon,-24.8667,113.6333,75.27,43,0,19.57,AU,clear sky,2021-11-22 02:58:04
272,Mount Hagen,-5.8581,144.2274,74.16,57,40,4.61,PG,haze,2021-11-22 02:58:04
273,Lagoa,39.05,-27.9833,63.61,86,72,26.89,PT,broken clouds,2021-11-22 02:58:05
274,Vila Velha,-20.3297,-40.2925,66.15,96,90,2.3,BR,overcast clouds,2021-11-22 02:59:05
275,Shingu,33.7333,135.9833,68.99,93,100,15.57,JP,moderate rain,2021-11-22 02:59:05
276,Caconda,-13.7333,15.0667,61.38,91,100,2.37,AO,overcast clouds,2021-11-22 02:59:06
277,Saint-Pierre,-21.3393,55.4781,78.44,60,0,6.91,RE,clear sky,2021-11-22 02:59:06
278,Yantal,56.8471,105.2542,10.87,89,100,6.06,RU,overcast clouds,2021-11-22 02:59:07
279,Havelock,34.8791,-76.9013,57.18,71,100,3.8,US,overcast clouds,2021-11-22 02:56:56
280,Porto Novo,6.4965,2.6036,82.22,88,11,4.07,BJ,light rain,2021-11-22 02:59:07
281,Umm Lajj,25.0213,37.2685,69.69,51,0,10.02,SA,clear sky,2021-11-22 02:59:08
282,Hasaki,35.7333,140.8333,59.4,86,100,29.44,JP,light rain,2021-11-22 02:59:08
283,Los Llanos De Aridane,28.6585,-17.9182,65.95,83,0,8.99,ES,clear sky,2021-11-22 02:59:08
284,Ribeira Grande,38.5167,-28.7,65.05,85,99,24.72,PT,overcast clouds,2021-11-22 02:59:09
285,Airai,-8.9266,125.4092,77.38,50,100,1.79,TL,overcast clouds,2021-11-22 02:59:09
286,Touros,-5.1989,-35.4608,81.5,74,41,11.83,BR,scattered clouds,2021-11-22 02:59:10
287,Itaituba,-4.2761,-55.9836,75.4,94,97,0.34,BR,overcast clouds,2021-11-22 02:59:10
288,Husavik,66.0449,-17.3389,44.51,82,60,12.28,IS,broken clouds,2021-11-22 02:59:10
289,Peskovka,59.0448,52.3606,20.21,95,96,6.76,RU,overcast clouds,2021-11-22 02:59:11
290,Isangel,-19.55,169.2667,81.72,73,76,8.3,VU,broken clouds,2021-11-22 02:59:11
291,Gao,16.6362,1.637,72.57,23,5,11.3,ML,clear sky,2021-11-22 02:59:11
292,Gizo,-8.103,156.8419,85.39,68,43,7.67,SB,light rain,2021-11-22 02:59:12
293,Kysyl-Syr,63.8986,122.7617,-24.61,97,86,3.47,RU,overcast clouds,2021-11-22 02:59:13
294,Blairmore,49.6,-114.4353,38.32,51,100,16.11,CA,overcast clouds,2021-11-22 02:59:13
295,Impfondo,1.6381,18.0667,69.85,94,100,1.39,CG,overcast clouds,2021-11-22 02:59:13
296,Liverpool,53.4106,-2.9779,38.82,88,3,5.75,GB,clear sky,2021-11-22 02:59:14
297,Cumra,37.5732,32.7745,39.51,78,0,2.39,TR,clear sky,2021-11-22 02:59:14
298,Salalah,17.0151,54.0924,74.8,43,100,6.35,OM,overcast clouds,2021-11-22 02:59:15
299,Xinan,26.72,119.8556,57.02,85,100,6.71,CN,overcast clouds,2021-11-22 02:59:15
300,Avera,33.194,-82.5271,55.06,78,100,3.76,US,overcast clouds,2021-11-22 02:59:15
301,Mirador,-6.3708,-44.3631,74.23,83,41,1.68,BR,scattered clouds,2021-11-22 02:59:16
302,Bengkulu,-3.8004,102.2655,84.43,66,95,4.0,ID,overcast clouds,2021-11-22 02:59:16
303,Nara,34.6851,135.8049,61.88,92,100,3.71,JP,light rain,2021-11-22 02:59:17
304,Coquimbo,-29.9533,-71.3436,56.93,94,90,5.75,CL,overcast clouds,2021-11-22 02:59:17
305,Kaeng Khoi,14.5862,100.9976,91.17,62,6,5.53,TH,clear sky,2021-11-22 02:59:17
306,Singleton,-32.5667,151.1833,71.78,79,100,11.99,AU,overcast clouds,2021-11-22 02:59:18
307,Praia,14.9215,-23.5087,79.34,65,0,18.41,CV,clear sky,2021-11-22 02:59:18
308,Aguimes,27.9054,-15.4461,64.65,76,0,4.61,ES,clear sky,2021-11-22 02:59:18
309,Almeirim,-1.5233,-52.5817,74.25,97,99,2.8,BR,overcast clouds,2021-11-22 02:59:19
310,New Ulm,44.3125,-94.4605,23.32,62,1,11.5,US,clear sky,2021-11-22 02:59:19
311,Bouna,9.2667,-3.0,74.01,41,4,1.86,CI,clear sky,2021-11-22 02:59:20
312,Altay,47.8667,88.1167,21.18,56,93,6.24,CN,overcast clouds,2021-11-22 02:59:20
313,Bagaces,10.5271,-85.2548,75.13,89,7,5.59,CR,clear sky,2021-11-22 02:59:20
314,Panorama,40.5878,23.0315,51.69,86,40,1.01,GR,scattered clouds,2021-11-22 02:59:21
315,Buala,-8.145,159.5921,86.97,65,12,5.39,SB,light rain,2021-11-22 02:59:21
316,Ushtobe,45.2514,77.9838,36.16,47,100,8.32,KZ,overcast clouds,2021-11-22 02:59:22
317,Nigde,37.8333,34.75,36.09,83,11,4.07,TR,few clouds,2021-11-22 02:59:22
318,Pangody,65.85,74.4859,18.48,94,100,18.03,RU,light snow,2021-11-22 02:59:23
319,Vallenar,-28.5708,-70.7581,69.08,41,11,1.81,CL,few clouds,2021-11-22 02:59:23
320,Rio Gallegos,-51.6226,-69.2181,44.65,45,75,23.02,AR,broken clouds,2021-11-22 02:59:24
321,Aklavik,68.2191,-135.0107,-7.28,98,100,7.81,CA,overcast clouds,2021-11-22 03:00:24
322,Hobyo,5.3505,48.5268,79.02,68,84,13.44,SO,broken clouds,2021-11-22 03:00:25
323,Maliq,40.7058,20.6997,42.69,94,35,3.78,AL,scattered clouds,2021-11-22 03:00:25
324,Wanning,18.8003,110.3967,81.81,70,1,7.9,CN,clear sky,2021-11-22 03:00:26
325,Santa Cruz De Tenerife,28.4682,-16.2546,74.59,75,0,1.01,ES,clear sky,2021-11-22 03:00:27
326,Kruisfontein,-34.0033,24.7314,64.89,98,98,3.11,ZA,light rain,2021-11-22 03:00:27
327,Bombay,19.0144,72.8479,80.58,89,75,3.44,IN,haze,2021-11-22 02:58:18
328,Jackson,42.4165,-122.8345,42.8,84,99,3.62,US,overcast clouds,2021-11-22 03:00:29
329,San Jose De Guanipa,8.8872,-64.1651,74.82,85,95,7.72,VE,overcast clouds,2021-11-22 03:00:29
330,Sao Bernardo,-3.3614,-42.4178,77.76,80,67,4.03,BR,broken clouds,2021-11-22 03:00:30
331,Pevek,69.7008,170.3133,-20.07,99,21,3.87,RU,few clouds,2021-11-22 03:00:30
332,Rupert,42.6191,-113.6772,33.66,48,83,4.12,US,broken clouds,2021-11-22 03:00:30
333,Mantua,45.1667,10.7833,49.44,91,100,5.88,IT,overcast clouds,2021-11-22 03:00:31
334,Zheshart,62.0731,49.5733,17.29,97,98,4.74,RU,overcast clouds,2021-11-22 03:00:31
335,Sobolevo,54.4299,31.8996,32.38,80,94,11.07,RU,overcast clouds,2021-11-22 03:00:32
336,Rawson,-43.3002,-65.1023,66.4,44,80,28.19,AR,broken clouds,2021-11-22 02:56:07
337,Oranjemund,-28.55,16.4333,62.65,82,100,6.42,NA,overcast clouds,2021-11-22 03:00:33
338,Dunedin,-45.8742,170.5036,52.66,81,100,5.01,NZ,overcast clouds,2021-11-22 03:00:33
339,Sibolga,1.7427,98.7792,77.47,88,100,2.75,ID,overcast clouds,2021-11-22 03:00:34
340,Mao,39.8885,4.2658,52.36,93,0,5.75,ES,clear sky,2021-11-22 02:59:57
341,Bayir,37.2687,28.2167,37.92,81,0,3.58,TR,clear sky,2021-11-22 03:00:35
342,Ahipara,-35.1667,173.1667,67.91,83,100,4.74,NZ,overcast clouds,2021-11-22 03:00:35
343,Tchaourou,8.8865,2.5975,75.43,73,45,4.38,BJ,scattered clouds,2021-11-22 03:00:35
344,Buta,2.7858,24.73,69.21,99,100,0.96,CD,overcast clouds,2021-11-22 03:00:36
345,Bukavu,-2.5083,28.8608,59.29,92,70,2.82,CD,broken clouds,2021-11-22 03:00:37
346,Cabedelo,-6.9811,-34.8339,79.38,76,20,11.63,BR,few clouds,2021-11-22 03:00:38
347,Mar Del Plata,-38.0023,-57.5575,64.09,82,0,1.01,AR,clear sky,2021-11-22 02:55:56
348,Pavilosta,56.8879,21.1859,28.35,65,62,8.66,LV,broken clouds,2021-11-22 03:00:38
349,Enshi,30.3,109.4833,51.04,78,99,1.81,CN,overcast clouds,2021-11-22 03:00:39
350,Manokwari,-0.8667,134.0833,85.59,65,64,6.89,ID,broken clouds,2021-11-22 03:00:39
351,Roma,43.2128,-75.4557,46.26,85,90,5.75,US,light rain,2021-11-22 03:00:41
352,Derzhavinsk,51.1,66.3167,27.45,84,100,28.68,KZ,overcast clouds,2021-11-22 03:00:41
353,Ziniare,12.5822,-1.2983,75.38,19,38,7.34,BF,scattered clouds,2021-11-22 03:00:41
354,Sterling,39.0062,-77.4286,52.21,66,90,10.0,US,overcast clouds,2021-11-22 02:56:16
355,Montanha,-18.1269,-40.3633,64.63,91,100,8.23,BR,overcast clouds,2021-11-22 03:00:42
356,Qaqortoq,60.7167,-46.0333,34.3,99,98,4.65,GL,overcast clouds,2021-11-22 03:00:43
357,East London,-33.0153,27.9116,68.86,84,100,18.07,ZA,light rain,2021-11-22 03:00:43
358,Kavieng,-2.5744,150.7967,85.57,70,99,10.33,PG,overcast clouds,2021-11-22 03:00:44
359,Peterhead,57.5058,-1.7981,41.4,81,39,17.6,GB,scattered clouds,2021-11-22 03:00:44
360,Alice Springs,-23.7,133.8833,85.55,25,85,13.8,AU,overcast clouds,2021-11-22 03:00:45
361,Chabahar,25.2919,60.643,74.73,37,19,2.06,IR,few clouds,2021-11-22 03:00:46
362,Baghdad,33.3406,44.4009,51.71,66,0,4.61,IQ,clear sky,2021-11-22 02:59:26
363,Doka,13.5167,35.7667,70.45,23,9,11.1,SD,clear sky,2021-11-22 03:00:48
364,Springbok,-29.6643,17.8865,48.38,90,5,4.5,ZA,clear sky,2021-11-22 03:01:49
365,Colac,-38.3333,143.5833,71.15,41,40,7.09,AU,scattered clouds,2021-11-22 03:01:49
366,Biloela,-24.4167,150.5,65.12,92,98,21.34,AU,moderate rain,2021-11-22 03:01:50
367,Mitikas,38.6699,20.9466,57.18,84,55,6.22,GR,broken clouds,2021-11-22 03:01:50
368,Atambua,-9.1061,124.8925,86.04,60,85,3.04,ID,overcast clouds,2021-11-22 03:01:51
369,Severo-Kurilsk,50.6789,156.125,38.12,86,34,11.43,RU,scattered clouds,2021-11-22 03:01:51
370,Neiafu,-18.65,-173.9833,80.65,75,22,11.1,TO,few clouds,2021-11-22 03:01:13
371,Mildura,-34.2,142.15,84.07,37,86,11.83,AU,overcast clouds,2021-11-22 03:00:05
372,Kiunga,-6.1219,141.2906,89.82,58,99,3.33,PG,overcast clouds,2021-11-22 03:01:56
373,Shelburne,44.0787,-80.2041,39.56,97,100,21.07,CA,overcast clouds,2021-11-22 03:01:57
374,Quesnel,52.9999,-122.5029,38.84,78,100,10.76,CA,overcast clouds,2021-11-22 03:01:57
375,Kawalu,-7.3817,108.2082,86.13,68,68,2.33,ID,broken clouds,2021-11-22 03:01:58
376,Taoudenni,22.6783,-3.9836,75.96,30,69,4.99,ML,broken clouds,2021-11-22 03:01:58
377,Tagusao,9.1924,117.8141,84.92,71,36,3.58,PH,scattered clouds,2021-11-22 03:01:59
378,Skole,49.0372,23.5135,41.29,84,98,2.24,UA,overcast clouds,2021-11-22 03:01:59
379,Iguape,-24.7081,-47.5553,61.34,89,34,4.0,BR,scattered clouds,2021-11-22 03:02:00
380,Chililabombwe,-12.3648,27.8229,64.96,86,100,3.29,ZM,overcast clouds,2021-11-22 03:02:00
381,Saint-Joseph,-21.3667,55.6167,77.36,69,8,1.12,RE,clear sky,2021-11-22 03:02:01
382,Baiyin,36.5583,104.2081,29.59,41,0,3.4,CN,clear sky,2021-11-22 03:02:01
383,Najran,17.4924,44.1277,63.12,42,63,1.9,SA,broken clouds,2021-11-22 03:02:02
384,Kerouane,9.2667,-9.0167,69.55,40,21,1.88,GN,few clouds,2021-11-22 03:02:02
385,Svetlaya,46.5389,138.3297,34.77,99,100,19.8,RU,moderate rain,2021-11-22 03:02:03
386,Iralaya,15.0,-83.2333,76.91,87,86,7.09,HN,overcast clouds,2021-11-22 03:02:04
387,Pangnirtung,66.1451,-65.7125,9.36,75,99,5.91,CA,overcast clouds,2021-11-22 03:02:06
388,Juybar,36.6412,52.9124,51.87,81,2,4.29,IR,clear sky,2021-11-22 03:02:06
389,Santa Isabel Do Rio Negro,-0.4139,-65.0192,72.37,98,99,2.28,BR,overcast clouds,2021-11-22 03:02:09
390,Fengzhen,40.4394,113.1536,14.52,43,0,10.47,CN,clear sky,2021-11-22 03:02:11
391,Kurumkan,54.3,110.3,1.81,86,76,1.86,RU,broken clouds,2021-11-22 03:02:12
392,Dongli,23.5656,116.8194,70.29,54,88,9.89,CN,overcast clouds,2021-11-22 03:02:12
393,Atbasar,51.8,68.3333,29.62,92,100,25.64,KZ,light snow,2021-11-22 03:02:13
394,Birao,10.2849,22.7882,70.3,25,99,9.4,CF,overcast clouds,2021-11-22 03:02:14
395,Knokke-Heist,51.3333,3.3333,46.02,78,35,7.0,BE,scattered clouds,2021-11-22 03:02:15
396,Alekseyevsk,57.8406,108.3492,2.68,83,99,2.86,RU,overcast clouds,2021-11-22 03:02:16
397,Quballat,36.5418,9.6633,55.62,71,0,4.52,TN,clear sky,2021-11-22 03:02:16
398,Nabire,-3.3667,135.4833,87.22,63,54,5.41,ID,broken clouds,2021-11-22 03:02:18
399,Slavutych,51.5196,30.7343,42.21,73,42,5.99,UA,scattered clouds,2021-11-22 03:02:18
400,Torbay,47.6666,-52.7314,28.76,85,83,5.3,CA,broken clouds,2021-11-22 03:02:19
401,Port Blair,11.6667,92.75,84.33,76,10,12.46,IN,clear sky,2021-11-22 03:02:19
402,Kannangad,12.3081,75.1063,78.13,84,15,2.66,IN,few clouds,2021-11-22 03:02:19
403,Duki,30.1541,68.5728,53.6,17,0,5.19,PK,clear sky,2021-11-22 03:02:20
404,Lompoc,34.6391,-120.4579,70.12,53,0,5.3,US,clear sky,2021-11-22 02:58:36
405,Grande Prairie,55.1667,-118.8027,34.79,99,100,4.79,CA,moderate rain,2021-11-22 03:02:21
406,Jining,35.405,116.5814,39.65,25,0,14.63,CN,clear sky,2021-11-22 03:01:16
407,Stillwater,36.1156,-97.0584,48.56,54,1,6.91,US,clear sky,2021-11-22 03:00:10
408,Ouesso,1.6136,16.0517,68.16,97,97,0.96,CG,overcast clouds,2021-11-22 03:02:23
409,Mahibadhoo,3.7833,72.9667,81.61,77,18,12.97,MV,few clouds,2021-11-22 03:02:23
410,Fuzhou,26.0614,119.3061,59.74,94,100,3.13,CN,overcast clouds,2021-11-22 03:02:24
411,Port Lincoln,-34.7333,135.8667,65.44,64,98,11.92,AU,overcast clouds,2021-11-22 03:01:35
412,Havoysund,70.9963,24.6622,23.88,90,100,14.7,NO,snow,2021-11-22 03:03:20
413,Mehamn,71.0357,27.8492,26.2,63,92,17.22,NO,overcast clouds,2021-11-22 03:03:25
414,Tomatlan,19.9333,-105.25,72.23,74,6,1.9,MX,clear sky,2021-11-22 03:03:25
415,Mogadishu,2.0371,45.3438,78.3,74,88,8.57,SO,overcast clouds,2021-11-22 03:03:26
416,Kulachi,31.9286,70.4592,65.12,14,0,8.34,PK,clear sky,2021-11-22 03:03:26
417,Kirakira,-10.4544,161.9205,85.62,67,33,6.2,SB,scattered clouds,2021-11-22 03:03:27
418,Uruacu,-14.5247,-49.1408,72.68,87,100,0.47,BR,overcast clouds,2021-11-22 03:01:54
419,Rocha,-34.4833,-54.3333,71.35,53,3,10.92,UY,clear sky,2021-11-22 03:01:09
420,Le Port,-20.9373,55.2919,78.76,77,23,1.01,RE,few clouds,2021-11-22 03:03:28
421,Vila Franca Do Campo,37.7167,-25.4333,64.81,88,83,12.19,PT,broken clouds,2021-11-22 03:00:42
422,Portsmouth,50.799,-1.0913,40.96,90,5,7.0,GB,clear sky,2021-11-22 03:02:02
423,Tromso,69.6496,18.957,26.62,80,90,1.99,NO,light shower snow,2021-11-22 03:03:29
424,Petropavlovsk-Kamchatskiy,53.0452,158.6483,37.99,56,20,17.9,RU,few clouds,2021-11-22 03:03:29
425,Aiquile,-18.2041,-65.1807,59.77,79,78,3.44,BO,broken clouds,2021-11-22 03:03:30
426,Sibu,2.3,111.8167,89.87,59,98,2.8,MY,overcast clouds,2021-11-22 03:03:30
427,Salinopolis,-0.6136,-47.3561,80.69,82,71,11.88,BR,broken clouds,2021-11-22 03:03:31
428,Gravdal,68.1214,13.5031,33.4,76,100,1.63,NO,overcast clouds,2021-11-22 03:03:31
429,Kwinana,-32.25,115.7667,70.3,67,97,17.31,AU,overcast clouds,2021-11-22 03:01:20
430,Araouane,18.9048,-3.5265,73.81,28,9,9.95,ML,clear sky,2021-11-22 03:03:33
431,Knysna,-34.0363,23.0471,66.58,95,96,3.74,ZA,light rain,2021-11-22 03:03:34
432,Rapar,23.5667,70.6333,78.58,64,38,6.67,IN,scattered clouds,2021-11-22 03:03:34
433,Muravlenko,63.7898,74.523,17.02,91,100,15.01,RU,overcast clouds,2021-11-22 03:03:34
434,Saldanha,-33.0117,17.9442,61.59,90,0,12.03,ZA,clear sky,2021-11-22 03:03:35
435,Kudymkar,59.0173,54.656,19.27,92,87,9.24,RU,overcast clouds,2021-11-22 03:03:35
436,Angoram,-4.0625,144.0661,91.74,54,51,1.59,PG,broken clouds,2021-11-22 03:03:36
437,Terra Santa,-2.1042,-56.4869,75.69,90,99,2.93,BR,overcast clouds,2021-11-22 03:03:36
438,Pokhara,28.2333,83.9833,64.4,52,21,2.33,NP,few clouds,2021-11-22 03:00:07
439,Solwezi,-12.1688,26.3894,62.56,97,100,2.98,ZM,light rain,2021-11-22 03:02:14
440,Maniitsoq,65.4167,-52.9,24.03,76,85,9.42,GL,overcast clouds,2021-11-22 03:03:38
441,Kungurtug,50.5994,97.5228,8.73,67,56,1.57,RU,broken clouds,2021-11-22 03:03:39
442,Yulara,-25.2406,130.9889,86.77,24,100,15.26,AU,overcast clouds,2021-11-22 03:03:39
443,Tessalit,20.1986,1.0114,67.91,30,1,8.41,ML,clear sky,2021-11-22 03:03:40
444,Kasangulu,-4.5911,15.1708,70.36,96,100,2.59,CD,overcast clouds,2021-11-22 03:03:40
445,Fontaine,45.1984,5.6827,46.78,89,100,2.71,FR,overcast clouds,2021-11-22 03:03:41
446,Prince Rupert,54.3161,-130.3201,44.69,93,90,17.27,CA,heavy intensity rain,2021-11-22 03:03:41
447,Usinsk,65.9939,57.5281,4.48,93,89,9.6,RU,overcast clouds,2021-11-22 03:03:41
448,Aswan,24.0934,32.907,61.74,51,0,7.63,EG,clear sky,2021-11-22 03:03:42
449,Coos Bay,43.3665,-124.2179,49.93,92,1,4.61,US,clear sky,2021-11-22 03:03:42
450,Srednekolymsk,67.45,153.6833,-23.76,100,100,0.54,RU,overcast clouds,2021-11-22 03:02:07
451,Arroyo,41.6096,-4.7969,50.18,80,40,2.3,ES,scattered clouds,2021-11-22 03:03:43
452,Tricase,39.9304,18.3553,55.31,81,96,18.84,IT,overcast clouds,2021-11-22 03:03:43
453,Miri,4.4148,114.0089,87.24,60,72,1.83,MY,broken clouds,2021-11-22 03:03:44
454,Kahului,20.8947,-156.47,83.46,71,40,20.71,US,scattered clouds,2021-11-22 03:03:44
455,Gagra,43.3283,40.2239,45.52,67,9,6.35,GE,clear sky,2021-11-22 03:04:45
456,Leeton,-34.5667,146.4,79.9,34,35,13.09,AU,scattered clouds,2021-11-22 03:04:44
457,Pacific Grove,36.6177,-121.9166,64.08,59,1,1.99,US,clear sky,2021-11-22 03:04:45
458,La Rioja,42.25,-2.5,40.48,94,90,3.83,ES,overcast clouds,2021-11-22 03:04:46
459,Millbrook,32.4799,-86.3619,59.94,94,1,0.0,US,clear sky,2021-11-22 03:04:46
460,Goderich,43.7501,-81.7165,42.91,85,82,30.98,CA,broken clouds,2021-11-22 03:04:47
461,Mount Gambier,-37.8333,140.7667,68.92,44,100,7.16,AU,overcast clouds,2021-11-22 03:04:47
462,Cabra,37.4725,-4.4421,55.4,95,94,3.51,ES,overcast clouds,2021-11-22 03:04:47
463,Shepsi,44.0361,39.1489,53.6,78,40,13.0,RU,scattered clouds,2021-11-22 03:04:48
464,Middlesex,42.4998,-71.3328,53.35,83,90,5.75,US,light rain,2021-11-22 03:04:49
465,Cidreira,-30.1811,-50.2056,68.14,76,0,12.35,BR,clear sky,2021-11-22 03:04:49
466,Florence,43.7667,11.25,56.3,96,75,4.61,IT,light rain,2021-11-22 03:04:49
467,Olhao,37.0286,-7.8411,53.49,100,20,9.22,PT,few clouds,2021-11-22 03:04:50
468,Maiduguri,11.8464,13.1603,74.16,38,100,5.64,NG,overcast clouds,2021-11-22 03:00:04
469,Port Pirie,-33.1833,138.0167,77.18,30,93,5.14,AU,overcast clouds,2021-11-22 03:04:50
470,Bairiki,1.3292,172.9752,86.0,70,20,6.91,KI,few clouds,2021-11-22 03:04:51
471,Kasongo-Lunda,-6.4667,16.8167,68.43,98,100,0.76,CD,overcast clouds,2021-11-22 03:04:51
472,Anadyr,64.75,177.4833,-5.3,77,0,8.95,RU,clear sky,2021-11-22 03:04:52
473,Port Hardy,50.6996,-127.4199,45.28,89,100,20.47,CA,overcast clouds,2021-11-22 03:04:52
474,Plaster Rock,46.9065,-67.39,30.56,87,70,6.51,CA,broken clouds,2021-11-22 03:04:52
475,Heihe,50.2441,127.4902,9.18,94,100,14.85,CN,light snow,2021-11-22 03:04:53
476,Talnakh,69.4865,88.3972,-18.76,77,26,9.24,RU,scattered clouds,2021-11-22 03:04:53
477,Coihaique,-45.5752,-72.0662,51.75,66,75,5.75,CL,light rain,2021-11-22 03:04:54
478,Homnabad,17.7667,77.1333,74.41,83,69,3.44,IN,broken clouds,2021-11-22 03:04:54
479,Iberia,29.9502,-91.7507,68.11,94,90,4.61,US,mist,2021-11-22 03:04:55
480,Hazorasp,41.3194,61.0742,33.64,86,18,5.68,UZ,few clouds,2021-11-22 03:04:55
481,Fuyang,32.9,115.8167,44.56,20,85,9.69,CN,overcast clouds,2021-11-22 03:04:55
482,Azovo,54.6997,73.0237,24.55,95,100,17.56,RU,light snow,2021-11-22 03:04:56
483,Calvinia,-31.4707,19.776,56.1,81,0,5.68,ZA,clear sky,2021-11-22 03:04:56
484,Dukat,62.55,155.55,-19.32,100,100,4.03,RU,overcast clouds,2021-11-22 03:04:57
485,Mount Isa,-20.7333,139.5,92.97,26,0,8.05,AU,clear sky,2021-11-22 03:04:57
486,Olavarria,-36.8927,-60.3225,64.04,47,13,10.31,AR,few clouds,2021-11-22 03:04:57
487,Piqua,40.1448,-84.2424,44.98,97,16,12.35,US,few clouds,2021-11-22 03:04:58
488,Otjimbingwe,-22.35,16.1333,57.52,54,0,1.48,NA,clear sky,2021-11-22 03:04:59
489,Winslow,35.0242,-110.6974,45.97,37,1,8.05,US,clear sky,2021-11-22 03:04:59
490,Mankono,8.0586,-6.1897,73.27,80,53,3.96,CI,broken clouds,2021-11-22 03:04:59
491,Lengshuitan,26.4111,111.5956,47.88,74,100,5.88,CN,overcast clouds,2021-11-22 03:05:00
492,Murray Bridge,-35.1167,139.2667,80.85,30,99,5.12,AU,overcast clouds,2021-11-22 03:05:00
493,Mushie,-3.0167,16.9,69.64,98,100,0.96,CD,light rain,2021-11-22 03:05:00
494,Murindo,6.9848,-76.7544,73.04,98,100,2.73,CO,overcast clouds,2021-11-22 03:05:01
495,Srivardhan,18.0333,73.0167,78.76,85,100,4.38,IN,overcast clouds,2021-11-22 03:05:01
496,Arroyohondo,10.2522,-75.0198,80.26,91,100,3.38,CO,overcast clouds,2021-11-22 03:05:02
497,Jieshi,22.8134,115.8257,66.94,59,52,16.2,CN,broken clouds,2021-11-22 03:05:02
498,Storsteinnes,69.2408,19.2344,26.6,94,100,4.18,NO,overcast clouds,2021-11-22 03:05:02
499,Galle,6.0367,80.217,81.46,70,56,12.53,LK,broken clouds,2021-11-22 03:04:01
500,Bud,39.447,-86.1758,45.03,89,2,12.62,US,clear sky,2021-11-22 03:06:04
501,Marzuq,14.4,46.4667,64.94,47,88,0.49,YE,overcast clouds,2021-11-22 03:06:04
502,Korla,41.7597,86.1469,27.73,48,0,5.44,CN,clear sky,2021-11-22 03:06:04
503,Nuuk,64.1835,-51.7216,29.01,86,75,6.91,GL,broken clouds,2021-11-22 03:06:05
504,Macklin,52.3334,-109.9348,19.74,85,100,7.07,CA,overcast clouds,2021-11-22 03:06:05
505,Ixtapa,20.7,-105.2,76.23,83,1,2.3,MX,clear sky,2021-11-22 03:06:05
506,Yurla,59.3259,54.3223,19.24,92,86,8.68,RU,overcast clouds,2021-11-22 03:06:06
507,Haines Junction,60.7522,-137.5108,3.49,97,100,2.62,CA,light snow,2021-11-22 03:06:06
508,Warwick,41.7001,-71.4162,57.29,87,100,10.71,US,overcast clouds,2021-11-22 03:01:57
509,Shache,38.4167,77.2406,32.04,37,96,3.6,CN,overcast clouds,2021-11-22 03:06:07
510,Kerema,-7.9631,145.7785,85.71,74,86,9.1,PG,overcast clouds,2021-11-22 03:06:07
511,Buchanan,5.8808,-10.0467,77.14,87,77,2.89,LR,moderate rain,2021-11-22 03:06:08
512,Cardenas,23.0375,-81.2047,74.16,90,75,5.53,CU,broken clouds,2021-11-22 03:06:08
513,Mudon,16.2578,97.7164,83.03,73,62,4.83,MM,broken clouds,2021-11-22 03:06:08
514,Deputatskiy,69.3,139.9,-14.39,100,100,1.81,RU,overcast clouds,2021-11-22 03:06:09
515,Rehoboth,-23.3167,17.0833,55.15,33,0,5.73,NA,clear sky,2021-11-22 03:06:09
516,Penjamo,20.4333,-101.7333,61.07,42,13,1.59,MX,few clouds,2021-11-22 03:06:09
517,Faya,18.3851,42.4509,50.52,54,17,2.39,SA,few clouds,2021-11-22 03:06:10
518,Richards Bay,-28.783,32.0377,69.55,87,100,13.33,ZA,overcast clouds,2021-11-22 03:06:10
519,Lollar,50.6465,8.705,42.93,94,48,5.12,DE,scattered clouds,2021-11-22 03:06:11
520,Nanakuli,21.3906,-158.1547,84.15,51,1,10.36,US,clear sky,2021-11-22 03:06:11
521,Gat,31.61,34.7642,58.41,100,7,8.28,IL,clear sky,2021-11-22 03:06:11
522,Kyzyl-Mazhalyk,51.1333,90.6,3.65,85,100,1.28,RU,overcast clouds,2021-11-22 03:06:12
523,Baker City,44.7749,-117.8344,36.59,86,1,9.22,US,clear sky,2021-11-22 03:04:06
524,Takoradi,4.8845,-1.7554,79.36,87,21,6.91,GH,few clouds,2021-11-22 03:06:12
525,Ipixuna,-1.7625,-48.8043,78.75,96,100,3.31,BR,overcast clouds,2021-11-22 03:06:13
526,Bull Savanna,17.8868,-77.5902,73.58,79,98,3.87,JM,overcast clouds,2021-11-22 03:06:13
527,Wewak,-3.5534,143.6268,86.09,66,36,5.28,PG,scattered clouds,2021-11-22 03:06:14
528,Loubomo,-4.1997,12.6739,71.89,97,100,2.21,CG,overcast clouds,2021-11-22 03:06:14
529,Moranbah,-22.0016,148.0466,92.89,29,1,17.83,AU,clear sky,2021-11-22 03:06:14
530,Bow Island,49.8668,-111.3684,30.99,75,79,7.72,CA,broken clouds,2021-11-22 03:06:15
531,Vao,-22.6667,167.4833,74.59,77,3,9.82,NC,clear sky,2021-11-22 03:06:16
532,Okhotsk,59.3833,143.3,6.82,87,70,14.63,RU,broken clouds,2021-11-22 03:06:16
533,Garowe,8.4054,48.4845,66.24,87,100,7.74,SO,overcast clouds,2021-11-22 03:06:16
534,Jaffna,9.6685,80.0074,81.7,70,78,5.5,LK,broken clouds,2021-11-22 03:04:13
535,Troitskoye,52.9821,84.6757,19.33,86,100,7.4,RU,overcast clouds,2021-11-22 03:06:17
536,Nouakchott,18.0858,-15.9785,78.73,54,100,17.94,MR,overcast clouds,2021-11-22 03:03:17
537,Oktyabrskoye,43.0645,44.7417,23.14,93,0,6.71,RU,clear sky,2021-11-22 03:06:18
538,Kisarawe,-6.9,39.0667,73.71,82,96,2.35,TZ,overcast clouds,2021-11-22 03:06:19
539,Antropovo,58.3988,43.0066,24.48,85,100,10.27,RU,overcast clouds,2021-11-22 03:06:19
540,Kendari,-3.945,122.4989,86.43,69,84,2.59,ID,broken clouds,2021-11-22 03:06:20
541,Khorixas,-20.3667,14.9667,58.87,46,5,2.46,NA,clear sky,2021-11-22 03:06:20
542,San Vicente,-26.6167,-54.1333,65.32,77,28,2.57,AR,scattered clouds,2021-11-22 03:06:20
543,Sogne,58.0833,7.8167,36.7,86,90,7.34,NO,overcast clouds,2021-11-22 03:06:21
544,Severobaykalsk,55.65,109.3167,6.48,62,96,2.15,RU,overcast clouds,2021-11-22 03:06:21
545,Yinchuan,38.4681,106.2731,26.53,13,0,4.59,CN,clear sky,2021-11-22 03:06:22
546,Itoman,26.1247,127.6694,75.22,88,75,17.27,JP,broken clouds,2021-11-22 03:06:22
547,Harper,4.375,-7.7169,78.33,85,50,6.35,LR,light rain,2021-11-22 03:06:23
548,Ozernovskiy,51.5,156.5167,36.63,68,71,9.31,RU,broken clouds,2021-11-22 03:06:23
549,Port Keats,-14.25,129.55,91.92,58,97,10.85,AU,overcast clouds,2021-11-22 03:07:23
550,Cleburne,32.3476,-97.3867,58.42,55,1,9.22,US,clear sky,2021-11-22 03:07:24
551,Lavrentiya,65.5833,-171.0,-1.12,89,10,9.26,RU,clear sky,2021-11-22 03:07:24
552,Fukue,32.6881,128.8419,57.38,66,100,30.02,JP,overcast clouds,2021-11-22 03:07:24
553,Ratnagiri,16.9833,73.3,79.11,83,33,3.96,IN,scattered clouds,2021-11-22 03:07:25
554,Oriximina,-1.7656,-55.8661,74.62,92,78,3.69,BR,broken clouds,2021-11-22 03:07:26
555,Catalina Foothills,32.2979,-110.9187,72.0,23,20,4.0,US,few clouds,2021-11-22 03:07:27
556,Yar-Sale,66.8333,70.8333,16.95,95,100,14.07,RU,light snow,2021-11-22 03:07:27
557,Manuk Mangkaw,4.8,119.85,83.8,68,21,2.04,PH,few clouds,2021-11-22 03:07:27
558,San Ramon,37.7799,-121.978,62.26,65,1,0.0,US,clear sky,2021-11-22 03:07:28
559,Quatre Cocos,-20.2078,57.7625,73.09,67,4,7.81,MU,clear sky,2021-11-22 03:07:28
560,Norman Wells,65.282,-126.8329,-21.96,76,90,0.0,CA,mist,2021-11-22 03:07:29
561,Santa Fe,-31.6333,-60.7,75.97,50,0,1.99,AR,light rain,2021-11-22 03:03:11
562,Doha,25.2867,51.5333,75.18,88,0,3.44,QA,clear sky,2021-11-22 03:07:29
563,Muyezerskiy,63.9333,31.65,18.36,77,8,10.89,RU,clear sky,2021-11-22 03:07:29
564,Gora Kalwaria,51.9765,21.2154,45.81,94,80,5.17,PL,broken clouds,2021-11-22 03:07:30
565,Muros,42.7762,-9.0603,52.23,83,29,15.7,ES,scattered clouds,2021-11-22 03:07:31
566,Lamont,35.2597,-118.9143,68.59,87,0,2.84,US,clear sky,2021-11-22 03:07:31
567,Port Moresby,-9.4431,147.1797,86.5,68,29,7.02,PG,scattered clouds,2021-11-22 03:03:36
568,Manono,-7.3,27.4167,68.04,95,100,2.46,CD,overcast clouds,2021-11-22 03:07:32
569,Amapa,1.0,-52.0,71.94,99,98,1.83,BR,overcast clouds,2021-11-22 03:07:33
570,Mehriz,31.5917,54.4318,46.9,56,45,3.51,IR,scattered clouds,2021-11-22 03:07:34
571,Kraslava,55.8951,27.168,28.76,80,26,8.03,LV,scattered clouds,2021-11-22 03:07:34
572,Xinmin,41.9908,122.8253,23.25,67,93,17.25,CN,overcast clouds,2021-11-22 03:07:35
573,Huarmey,-10.0681,-78.1522,65.88,83,100,6.69,PE,overcast clouds,2021-11-22 03:07:35
574,Harer,9.3094,42.1258,54.59,57,93,1.01,ET,overcast clouds,2021-11-22 03:07:36
575,Pisco,-13.7,-76.2167,64.45,82,0,11.5,PE,clear sky,2021-11-22 03:07:36
576,Kropotkin,45.4375,40.5756,45.12,92,61,7.38,RU,broken clouds,2021-11-22 03:07:37
577,Imeni Poliny Osipenko,52.4201,136.4853,10.67,82,100,10.65,RU,overcast clouds,2021-11-22 03:07:37
578,Waingapu,-9.6567,120.2641,86.94,64,100,8.05,ID,overcast clouds,2021-11-22 03:07:38
579,Vestmannaeyjar,63.4427,-20.2734,45.09,82,100,20.38,IS,overcast clouds,2021-11-22 03:03:12
580,Seydisehir,37.4193,31.8453,38.95,76,0,2.39,TR,clear sky,2021-11-22 03:07:38
581,Brownwood,31.7093,-98.9912,56.52,43,40,4.61,US,scattered clouds,2021-11-22 03:03:03
582,Ucluelet,48.9329,-125.5528,44.1,88,100,8.1,CA,overcast clouds,2021-11-22 03:07:39
583,Waipawa,-41.4122,175.5153,63.03,64,52,9.95,NZ,broken clouds,2021-11-22 03:07:39
584,Ibra,22.6906,58.5334,66.85,19,11,5.01,OM,few clouds,2021-11-22 03:07:40
585,Puerto Carreno,6.189,-67.4859,76.24,85,98,3.49,CO,overcast clouds,2021-11-22 03:06:25
586,Thap Than,15.4606,99.8917,84.13,74,7,4.88,TH,clear sky,2021-11-22 03:07:40
587,Cururupu,-1.8283,-44.8683,76.66,88,77,3.18,BR,broken clouds,2021-11-22 03:07:41
588,Saint-Leu,-21.15,55.2833,77.83,77,13,2.21,RE,few clouds,2021-11-22 03:07:41
589,Morondava,-20.2833,44.2833,79.72,82,14,7.54,MG,few clouds,2021-11-22 03:07:41
590,Sokolo,14.7328,-6.1219,77.94,25,63,8.88,ML,broken clouds,2021-11-22 03:07:43
591,Oneonta,42.4529,-75.0638,47.3,89,100,7.0,US,light rain,2021-11-22 03:03:49
592,Phalaborwa,-23.943,31.1411,65.35,97,100,5.53,ZA,moderate rain,2021-11-22 03:07:44
593,Ialibu,-6.2821,143.9935,66.7,86,64,2.57,PG,broken clouds,2021-11-22 03:07:45
594,Sorland,67.667,12.6934,37.09,64,100,8.12,NO,overcast clouds,2021-11-22 03:08:45
595,Aksay,47.26,39.87,45.25,82,63,18.99,RU,broken clouds,2021-11-22 03:08:45
596,Braganca,-1.0536,-46.7656,76.32,89,97,2.13,BR,overcast clouds,2021-11-22 03:04:07
597,Kalamnuri,19.6667,77.3333,76.69,79,39,5.01,IN,scattered clouds,2021-11-22 03:06:13
598,Ubinskoye,55.3068,79.6802,24.57,83,100,17.29,RU,overcast clouds,2021-11-22 03:08:46
599,Loudi,27.7344,111.9944,50.97,48,65,12.26,CN,broken clouds,2021-11-22 03:08:47
600,Erechim,-27.6342,-52.2739,60.53,68,5,2.04,BR,clear sky,2021-11-22 03:08:47
601,Orlik,52.5178,99.825,3.47,86,62,2.39,RU,broken clouds,2021-11-22 03:08:47
602,Edd,13.9297,41.6925,80.46,55,75,4.27,ER,broken clouds,2021-11-22 03:08:48
603,Bethanien,-26.502,17.1583,53.73,51,0,4.81,NA,clear sky,2021-11-22 03:08:48
604,Puerto Suarez,-18.95,-57.8,78.78,75,77,3.85,BO,broken clouds,2021-11-22 03:08:48
605,Bismarck,46.8083,-100.7837,20.8,63,1,1.01,US,clear sky,2021-11-22 03:06:03
606,Plouzane,48.3833,-4.6167,43.12,87,75,12.66,FR,light rain,2021-11-22 03:08:49
607,Grindavik,63.8424,-22.4338,43.27,81,75,18.41,IS,broken clouds,2021-11-22 03:08:49
608,Ishigaki,24.3448,124.1572,74.16,84,61,35.39,JP,broken clouds,2021-11-22 03:08:50
609,Miranda De Ebro,42.6865,-2.947,45.23,90,92,7.38,ES,overcast clouds,2021-11-22 03:08:50
610,Sestroretsk,60.098,29.9638,27.63,64,25,15.5,RU,scattered clouds,2021-11-22 03:08:50
611,Franklin,39.9667,-83.0166,45.23,93,40,3.0,US,mist,2021-11-22 03:08:51
612,Nikko,36.75,139.6167,53.94,87,100,5.14,JP,moderate rain,2021-11-22 03:08:51
613,Romodanovo,54.4275,45.3296,31.42,91,100,8.46,RU,overcast clouds,2021-11-22 03:08:52
614,Puerto Escondido,15.85,-97.0667,79.11,80,5,5.06,MX,clear sky,2021-11-22 03:08:52
615,Poykovskiy,61.2333,73.3333,16.09,92,0,13.42,RU,clear sky,2021-11-22 03:08:52
616,Tepetitla,19.2833,-98.3833,57.69,69,31,0.31,MX,scattered clouds,2021-11-22 03:08:53
617,Tiksi,71.6872,128.8694,-16.17,99,99,1.34,RU,overcast clouds,2021-11-22 03:08:53
618,Zhanakorgan,43.9098,67.2495,39.78,64,93,8.05,KZ,overcast clouds,2021-11-22 03:08:54
619,Comodoro Rivadavia,-45.8667,-67.5,51.66,93,40,9.22,AR,scattered clouds,2021-11-22 03:07:02
620,Iquique,-20.2208,-70.1431,62.64,76,100,3.22,CL,overcast clouds,2021-11-22 03:08:54
621,Presidencia Roque Saenz Pena,-26.7852,-60.4388,68.56,53,9,4.56,AR,clear sky,2021-11-22 03:08:55
622,Serenje,-13.2325,30.2352,62.6,81,77,3.74,ZM,broken clouds,2021-11-22 03:08:55
623,Babu,24.4167,111.5167,49.14,86,100,10.42,CN,overcast clouds,2021-11-22 03:08:56
624,Suntar,62.1444,117.6319,-13.5,96,84,0.81,RU,broken clouds,2021-11-22 03:08:56
625,Biak,-0.9131,122.8766,85.62,64,58,0.63,ID,broken clouds,2021-11-22 03:08:56
626,Burns Lake,54.2331,-125.7533,32.43,95,98,5.35,CA,overcast clouds,2021-11-22 03:08:57
627,Lagos,6.5833,3.75,77.31,94,5,0.96,NG,light rain,2021-11-22 03:06:03
628,Sao Miguel Do Araguaia,-13.275,-50.1628,74.35,91,100,2.91,BR,overcast clouds,2021-11-22 03:08:57
629,Ust-Nera,64.5667,143.2,1.94,98,100,1.3,RU,overcast clouds,2021-11-22 03:08:58
630,Urla,38.3229,26.764,60.21,73,0,5.32,TR,clear sky,2021-11-22 03:08:58
631,Meulaboh,4.1363,96.1285,81.79,74,97,3.15,ID,overcast clouds,2021-11-22 03:04:41
632,Balakhninskiy,58.0106,114.2769,-7.47,98,100,1.1,RU,overcast clouds,2021-11-22 03:08:59
633,Cedar City,37.6775,-113.0619,35.4,55,1,4.61,US,clear sky,2021-11-22 03:08:59
634,Wasilla,61.5814,-149.4394,4.75,76,1,0.0,US,clear sky,2021-11-22 03:06:47
635,Mehran,33.1222,46.1646,63.36,72,0,5.79,IR,clear sky,2021-11-22 03:09:00
636,Utiel,39.5667,-1.2,49.23,79,50,3.85,ES,scattered clouds,2021-11-22 03:09:00
637,Twin Falls,42.3505,-114.6445,35.49,93,1,5.75,US,clear sky,2021-11-22 03:09:00
638,Kerman,30.2832,57.0788,55.51,49,0,2.55,IR,clear sky,2021-11-22 03:09:01
639,Beyneu,45.3167,55.2,36.27,71,11,12.03,KZ,few clouds,2021-11-22 03:09:01
640,Kinshasa,-4.3246,15.3215,72.23,95,100,2.15,CD,overcast clouds,2021-11-22 03:09:02
641,Gubkinskiy,64.434,76.5026,15.4,90,100,18.23,RU,overcast clouds,2021-11-22 03:09:02
642,Urusha,54.05,122.9,10.42,57,100,5.44,RU,overcast clouds,2021-11-22 03:09:03
643,Walvis Bay,-22.9575,14.5053,60.1,87,0,7.49,NA,clear sky,2021-11-22 03:10:03
644,Cap Malheureux,-19.9842,57.6142,72.46,82,0,5.01,MU,clear sky,2021-11-22 03:10:03
645,Byron Bay,-28.65,153.6167,73.35,86,100,6.29,AU,moderate rain,2021-11-22 03:08:12
646,Ambon,-3.6954,128.1814,73.54,94,75,2.3,ID,moderate rain,2021-11-22 03:10:04
647,Beauchamps,50.012,1.5176,43.48,88,6,9.66,FR,clear sky,2021-11-22 03:10:05
648,Ashibetsu,43.5097,142.1856,40.86,88,100,6.87,JP,overcast clouds,2021-11-22 03:10:05
649,Queimadas,-10.9783,-39.6264,77.99,69,97,7.74,BR,overcast clouds,2021-11-22 03:10:05
650,Grand-Santi,4.25,-54.3833,72.3,99,35,2.77,GF,scattered clouds,2021-11-22 03:10:06
651,College,64.8569,-147.8028,-19.01,72,40,0.0,US,scattered clouds,2021-11-22 03:10:06
652,Pumiao,22.75,108.4833,57.56,69,100,15.95,CN,overcast clouds,2021-11-22 03:10:06
653,Itapeva,-23.9822,-48.8756,53.56,79,10,5.06,BR,clear sky,2021-11-22 03:10:07
654,Taywarah,33.35,64.4167,31.82,28,1,4.94,AF,clear sky,2021-11-22 03:10:07
655,Marquette,46.5333,-87.6335,21.78,80,95,15.93,US,snow,2021-11-22 03:10:08
656,Fort Nelson,58.8053,-122.7002,5.7,95,100,1.86,CA,overcast clouds,2021-11-22 03:10:08
657,Fukuma,33.7667,130.4667,59.0,76,100,20.42,JP,overcast clouds,2021-11-22 03:10:08
658,Tarakan,3.3,117.6333,87.3,74,40,6.91,ID,scattered clouds,2021-11-22 03:10:09
659,Taihe,30.8712,105.3845,52.39,66,100,2.89,CN,overcast clouds,2021-11-22 03:10:09
660,Guerrero Negro,27.9769,-114.0611,65.98,71,100,8.9,MX,overcast clouds,2021-11-22 03:10:10
661,Chapais,49.7834,-74.8492,31.78,95,100,15.93,CA,snow,2021-11-22 03:10:10
662,Graaff-Reinet,-32.2522,24.5308,58.93,90,54,3.27,ZA,broken clouds,2021-11-22 03:10:11
663,Ladybrand,-29.1945,27.4574,55.49,87,57,9.93,ZA,light rain,2021-11-22 03:10:11
664,Ahualulco,22.4,-101.1667,57.02,63,10,6.71,MX,clear sky,2021-11-22 03:10:12
665,Svetlogorsk,52.6333,29.7333,38.79,73,100,7.47,BY,overcast clouds,2021-11-22 03:10:13
666,Ambovombe,-25.1667,46.0833,70.25,75,94,13.82,MG,overcast clouds,2021-11-22 03:10:13
667,Sumenep,-7.0167,113.8667,86.68,65,76,4.63,ID,broken clouds,2021-11-22 03:10:15
668,Luleburgaz,41.4039,27.3592,45.77,85,0,6.22,TR,clear sky,2021-11-22 03:10:15
669,Kaka,37.3482,59.6143,47.48,39,22,1.34,TM,few clouds,2021-11-22 03:10:15
670,Tabou,4.423,-7.3528,78.1,86,77,5.12,CI,light rain,2021-11-22 03:10:16
671,Aboisso,5.4678,-3.2071,76.42,93,86,2.17,CI,light rain,2021-11-22 03:10:17
672,Voskresenskoye,56.8381,45.4317,27.41,82,98,8.99,RU,overcast clouds,2021-11-22 03:10:17
673,Pavlodar,52.3,76.95,33.6,69,90,17.9,KZ,overcast clouds,2021-11-22 03:10:18
674,Jiaocheng,24.6774,116.1389,56.64,71,100,6.2,CN,overcast clouds,2021-11-22 03:10:18
675,Kudahuvadhoo,2.6708,72.8944,82.06,76,77,14.54,MV,broken clouds,2021-11-22 03:10:18
676,Corowa,-36.0333,146.3833,79.41,44,2,2.62,AU,clear sky,2021-11-22 03:10:19
677,Kavaratti,10.5669,72.642,80.6,74,13,3.83,IN,few clouds,2021-11-22 03:10:19
678,Marsaxlokk,35.8419,14.5431,65.01,82,20,5.75,MT,few clouds,2021-11-22 03:10:20
679,Krikellos,38.95,21.1833,56.93,84,65,3.47,GR,broken clouds,2021-11-22 03:10:20
680,El Progreso,15.4,-87.8,74.95,88,20,2.3,HN,few clouds,2021-11-22 03:05:39
681,Patrocinio,-18.9439,-46.9925,64.96,95,85,5.73,BR,overcast clouds,2021-11-22 03:10:21
682,Freeport,40.6576,-73.5832,55.02,81,90,3.0,US,overcast clouds,2021-11-22 03:09:35
683,Ivanovka,42.8878,75.085,34.23,48,53,3.58,KG,broken clouds,2021-11-22 03:10:22
684,Okha,53.5739,142.9478,28.98,77,74,13.13,RU,broken clouds,2021-11-22 03:10:22
685,San Francisco Del Mar,16.2333,-94.65,79.2,74,1,22.21,MX,clear sky,2021-11-22 03:10:23
686,Baykit,61.67,96.37,5.32,97,100,3.02,RU,overcast clouds,2021-11-22 03:10:23
687,Neuquen,-38.9516,-68.0591,75.09,35,0,12.66,AR,clear sky,2021-11-22 03:09:22
